Name,Price,Rating,Details
Lenovo Core i3 10th Gen - (8 GB/512 GB SSD/Windows 11 Home) 15IML05 Thin and Light Laptop,"₹36,990",4.3,Intel Core i3 Processor (10th Gen)8 GB DDR4 RAM64 bit Windows 11 Operating System512 GB SSD39.62 cm (15.6 inch) DisplayOffice Home and Student 20212 Year Onsite�Warranty
MSI Modern 14 Core i5 10th Gen - (8 GB/512 GB SSD/Windows 10 Home) Modern 14 B10MW-639IN Notebook,"₹41,990",4.4,Intel Core i5 Processor (10th Gen)8 GB DDR4 RAM64 bit Windows 10 Operating System512 GB SSD35.56 cm (14 inch) Display1 Year On-Site Warranty
Lenovo IdeaPad 3 Core i3 11th Gen - (8 GB/512 GB SSD/Windows 11 Home) 82H801L7IN | 82H802FJIN | 82H802...,"₹39,490",4.2,Intel Core i3 Processor (11th Gen)8 GB DDR4 RAM64 bit Windows 11 Operating System512 GB SSD39.62 cm (15.6 inch) DisplayOffice Home and Student 20212 Year Onsite�Warranty
ASUS VivoBook 15 (2022) Core i3 10th Gen - (8 GB/512 GB SSD/Windows 11 Home) X515JA-BQ322WS Thin and L...,"₹34,990",4.3,Intel Core i3 Processor (10th Gen)8 GB DDR4 RAM64 bit Windows 11 Operating System512 GB SSD39.62 cm (15.6 inch) DisplayOffice Home and Student 20211 Year Onsite Warranty
Lenovo IdeaPad 3 Ryzen 5 Hexa Core 5500U - (8 GB/512 GB SSD/Windows 11 Home) 15ALC6 Thin and Light Lap...,"₹47,990",4.3,AMD Ryzen 5 Hexa Core Processor8 GB DDR4 RAM64 bit Windows 11 Operating System512 GB SSD39.62 cm (15.6 inch) DisplayOffice Home and Student 20212 Years Warranty
Lenovo IdeaPad 1 Ryzen 3 Dual Core 3250U - (8 GB/512 GB SSD/Windows 11 Home) 15ADA7 Thin and Light Lap...,"₹36,490",4.3,AMD Ryzen 3 Dual Core Processor8 GB DDR4 RAM64 bit Windows 11 Operating System512 GB SSD39.62 cm (15.6 Inch) Display1 Year Onsite Warranty
RedmiBook Pro Core i5 11th Gen - (8 GB/512 GB SSD/Windows 10 Home) Thin and Light Laptop,"₹39,990",4.2,"Intel Core i5 Processor (11th Gen)8 GB DDR4 RAMWindows 10 Operating System512 GB SSD39.62 cm (15.6 inch) DisplayMS Office Home & Student 2019, Mi Smart Share, DTS Audio processing1 Year Onsite Warranty"
ASUS TUF Gaming F15 Core i5 10th Gen - (8 GB/512 GB SSD/Windows 11 Home/4 GB Graphics/NVIDIA GeForce G...,"₹52,990",4.3,Intel Core i5 Processor (10th Gen)8 GB DDR4 RAMWindows 11 Operating System512 GB SSD39.62 cm (15.6 inch) Display1 Year Onsite Warranty
acer Extensa Core i3 11th Gen - (8 GB/256 GB SSD/Windows 11 Home) EX 215-54 Thin and Light Laptop,"₹31,990",4.4,Intel Core i3 Processor (11th Gen)8 GB DDR4 RAM64 bit Windows 11 Operating System256 GB SSD39.62 cm (15.6 Inch) Display1 Year International Travelers Warranty (ITW)
ASUS VivoBook 14 (2021) Ryzen 5 Quad Core 3500U - (8 GB/512 GB SSD/Windows 11 Home) M415DA-EB712WS Thi...,"₹39,990",4.3,AMD Ryzen 5 Quad Core Processor8 GB DDR4 RAM32 bit Windows 11 Operating System512 GB SSD35.56 cm (14 inch) DisplayOffice Home and Student 20211 Year Onsite Warranty
acer Ryzen 3 Dual Core 3250U - (8 GB/256 GB SSD/Windows 11 Home) Z2-493 Thin and Light Laptop,"₹30,990",3.9,AMD Ryzen 3 Dual Core Processor8 GB DDR4 RAM64 bit Windows 11 Operating System256 GB SSD35.56 cm (14 inch) Display1 Year International Travelers Warranty (ITW)
ASUS VivoBook 15 (2022) Core i3 10th Gen - (8 GB/512 GB SSD/Windows 11 Home) X515JA-EJ362WS Thin and L...,"₹33,990",4.3,Intel Core i3 Processor (10th Gen)8 GB DDR4 RAM64 bit Windows 11 Operating System512 GB SSD39.62 cm (15.6 inch) DisplayOffice Home and Student 20211 Year Onsite Warranty
DELL Inspiron Athlon Dual Core 3050U - (8 GB/256 GB SSD/Windows 11 Home) Inspiron 3525 Notebook,"₹33,290",4.2,AMD Athlon Dual Core Processor8 GB DDR4 RAM64 bit Windows 11 Operating System256 GB SSD39.62 cm (15.6 Inch) Display1 Year Onsite Warranty
Lenovo IdeaPad 3 Core i3 10th Gen - (8 GB/256 GB SSD/Windows 11 Home) 15IML05 Thin and Light Laptop,"₹33,490",4.3,Intel Core i3 Processor (10th Gen)8 GB DDR4 RAMWindows 11 Operating System256 GB SSD39.62 cm (15.6 Inch) DisplayMicrosoft Office Home & Student 20192 Years Warranty
ASUS VivoBook 15 (2022) Core i3 11th Gen - (8 GB/1 TB HDD/256 GB SSD/Windows 11 Home) X515EA-EJ332WS T...,"₹38,990",4.2,Intel Core i3 Processor (11th Gen)8 GB DDR4 RAM64 bit Windows 11 Operating System1 TB HDD|256 GB SSD39.62 cm (15.6 inch) DisplayOffice Home and Student 20211 Year Onsite Warranty
Lenovo IdeaPad 3 Celeron Dual Core 4th Gen - (4 GB/256 GB SSD/Windows 11 Home) 14IGL05 Thin and Light ...,"₹27,990",4.1,Intel Celeron Dual Core Processor (4th Gen)4 GB DDR4 RAM64 bit Windows 10 Operating System256 GB SSD35.56 cm (14 inch) Display1 Year Warranty
ASUS VivoBook Core i3 11th Gen - (8 GB/256 GB SSD/Windows 11 Home) X415EA-EK342WS Thin and Light Lapto...,"₹33,990",4.3,Intel Core i3 Processor (11th Gen)8 GB DDR4 RAM64 bit Windows 11 Operating System256 GB SSD35.56 cm (14 Inch) Display1 Year Onsite Warranty
ASUS VivoBook 15 (2022) Core i5 11th Gen - (8 GB/1 TB HDD/256 GB SSD/Windows 11 Home) X515EA-EJ502WS T...,"₹47,990",4.3,Intel Core i5 Processor (11th Gen)8 GB DDR4 RAM64 bit Windows 11 Operating System1 TB HDD|256 GB SSD39.62 cm (15.6 inch) DisplayOffice Home and Student 20211 Year Onsite Warranty
acer Extensa Core i3 11th Gen - (8 GB/512 GB SSD/Windows 11 Home) EX 215-54 Thin and Light Laptop,"₹33,990",4.1,Intel Core i3 Processor (11th Gen)8 GB DDR4 RAM64 bit Windows 11 Operating System512 GB SSD39.62 cm (15.6 Inch) Display1 Year International Travelers Warranty (ITW)
HP Ryzen 3 Quad Core 5300U - (8 GB/512 GB SSD/Windows 11 Home) 14s-fq1089au Thin and Light Laptop,"₹38,990",4.3,AMD Ryzen 3 Quad Core Processor8 GB DDR4 RAM64 bit Windows 11 Operating System512 GB SSD35.56 cm (14 Inch) Display1 Year onsite warranty
ASUS Ryzen 3 Dual Core 3250U 3rd Gen - (8 GB/256 GB SSD/Windows 10 Home) M515DA-BQ322TS Thin and Light...,"₹32,990",4.3,AMD Ryzen 3 Dual Core Processor (3rd Gen)8 GB DDR4 RAM64 bit Windows 10 Operating System256 GB SSD39.62 cm (15.6 inch) DisplayOffice Home and Student 2019 included1 Year Onsite Warranty
HP Core i5 12th Gen - (8 GB/512 GB SSD/Windows 11 Home) 15s- fq5010TU Thin and Light Laptop,"₹57,990",4.3,"Intel Core i5 Processor (12th Gen)8 GB DDR4 RAM64 bit Windows 11 Operating System512 GB SSD39.62 cm (15.6 Inch) DisplayHP Documentation, HP SSRM, HP Smart, Microsoft Office Home & Student 20211 Year Onsite Warranty"
ASUS Vivobook 15 Ryzen 7 Quad Core AMD R7-3700U - (16 GB/512 GB SSD/Windows 11 Home) M515DA-BQ722WS La...,"₹46,990",4.4,"AMD Ryzen 7 Quad Core Processor16 GB DDR4 RAM64 bit Windows 11 Operating System512 GB SSD39.62 cm (15.6 inch) DisplayWindows 11 Home, Microsoft Office Home & Student 2021, 1 Year Mcafee1 Year On site Manufacturing warranty"
ASUS VivoBook Ultra 14 (2021) Core i5 11th Gen - (16 GB/512 GB SSD/Windows 11 Home) X413EA-EB533WS Thi...,"₹56,990",4.3,Intel Core i5 Processor (11th Gen)16 GB DDR4 RAM64 bit Windows 11 Operating System512 GB SSD35.56 cm (14 inch) DisplayOffice Home and Student 20211 Year Onsite Warranty
HP Ryzen 5 Hexa Core 5500U - (8 GB/512 GB SSD/Windows 11 Home) 14s-fq1092au Thin and Light Laptop,"₹49,290",4.4,"AMD Ryzen 5 Hexa Core Processor8 GB DDR4 RAM64 bit Windows 11 Operating System512 GB SSD35.56 cm (14 inch) DisplayMicrosoft Office Home & Student 2019, HP Documentation, HP SSRM, HP Smart ""1 Year Onsite Warranty"
ASUS VivoBook 14 (2021) Celeron Dual Core - (4 GB/256 GB SSD/Windows 11 Home) X415MA-BV011W Thin and L...,"₹24,990",4,Intel Celeron Dual Core Processor4 GB DDR4 RAM64 bit Windows 11 Operating System256 GB SSD35.56 cm (14 inch) Display1 Year Onsite Warranty
"DELL Inspiron Core i3 11th Gen - (8 GB/1 TB HDD/256 GB SSD/Windows 11 Home) Inspiron 3511,Inspiron 300...","₹44,390",5,Intel Core i3 Processor (11th Gen)8 GB DDR4 RAM64 bit Windows 11 Operating System1 TB HDD|256 GB SSD39.62 cm (15.6 Inch) Display1 Year Onsite Warranty
HP Core i3 11th Gen - (8 GB/512 GB SSD/Windows 11 Home) 14s-dq2606tu Thin and Light Laptop,"₹41,990",4.2,Intel Core i3 Processor (11th Gen)8 GB DDR4 RAM64 bit Windows 11 Operating System512 GB SSD35.56 cm (14 Inch) Display1 Year Onsite Warranty
acer Aspire 5 Core i5 11th Gen - (8 GB/512 GB SSD/Windows 11 Home) A515-56 Thin and Light Laptop,"₹50,990",5,"Intel Core i5 Processor (11th Gen)8 GB DDR4 RAM64 bit Windows 11 Operating System512 GB SSD39.62 cm (15.6 Inch) DisplayAcer Care Center, Quick Access, Acer Product Registration1 Year International Travelers Warranty (ITW)"
RedmiBook 15 Core i3 11th Gen - (8 GB/256 GB SSD/Windows 10 Home) Thin and Light Laptop,"₹31,990",5,"Intel Core i3 Processor (11th Gen)8 GB DDR4 RAMWindows 10 Operating System256 GB SSD39.62 cm (15.6 inch) DisplayMS Office Home & Student 2019, Mi Smart Share, DTS Audio processing1 Year Onsite Warranty"
acer Aspire 3 Athlon Dual Core 3020e - (8 GB/256 GB SSD/Windows 11 Home) A314-22 Notebook,"₹26,990",3.9,AMD Athlon Dual Core Processor8 GB DDR4 RAM64 bit Windows 11 Operating System256 GB SSD35.56 cm (14 inch) Display1 Year International Travelers Warranty (ITW)
Lenovo IdeaPad Gaming Core i5 11th Gen - (8 GB/512 GB SSD/Windows 11 Home/4 GB Graphics/NVIDIA GeForce...,"₹54,990",5,Intel Core i5 Processor (11th Gen)8 GB DDR4 RAM64 bit Windows 11 Operating System512 GB SSD39.62 cm (15.6 Inch) Display1 Year Onsite Warranty + 1 Year Premium Care + 1 Year Accidentaly Damage Protection
Lenovo IdeaPad 3 Core i3 11th Gen - (8 GB/256 GB SSD/Windows 11 Home) 14ITL05 Thin and Light Laptop,"₹36,990",1,Intel Core i3 Processor (11th Gen)8 GB DDR4 RAM64 bit Windows 11 Operating System256 GB SSD35.56 cm (14 inch) DisplayOffice Home and Student 20212 Year Onsite�Warranty
ASUS VivoBook 15 (2021) Core i5 10th Gen - (8 GB/512 GB SSD/Windows 11 Home) X515JA-BQ521WS Thin and L...,"₹43,990",4.2,Intel Core i5 Processor (10th Gen)8 GB DDR4 RAM64 bit Windows 11 Operating System512 GB SSD39.62 cm (15.6 inch) DisplayOffice Home and Student 20211 Year Onsite Warranty
HP Core i3 11th Gen - (8 GB/256 GB SSD/Windows 11 Home) 14s - dy2507TU Thin and Light Laptop,"₹38,990",5,Intel Core i3 Processor (11th Gen)8 GB DDR4 RAM64 bit Windows 11 Operating System256 GB SSD35.56 cm (14 inch) Display1 Year Onsite Warranty
HP Athlon Dual Core - (8 GB/512 GB SSD/Windows 11 Home) 15-EQ1559AU Laptop,"₹33,890",4,AMD Athlon Dual Core Processor8 GB DDR4 RAMWindows 11 Operating System512 GB SSD39.62 cm (15.6 inch) Display1 year
ASUS Core i3 11th Gen - (8 GB/256 GB SSD/Windows 11 Home) X515EA-EJ312WS Thin and Light Laptop,"₹35,990",4.3,Intel Core i3 Processor (11th Gen)8 GB DDR4 RAM64 bit Windows 11 Operating System256 GB SSD39.62 cm (15.6 inch) DisplayOffice Home and Student 20211 Year Onsite Warranty
HP Ryzen 5 Hexa Core 5500U - (8 GB/512 GB SSD/Windows 11 Home) 15s- eq2144au Thin and Light Laptop,"₹48,290",5,"AMD Ryzen 5 Hexa Core Processor8 GB DDR4 RAM64 bit Windows 11 Operating System512 GB SSD39.62 cm (15.6 inch) DisplayMicrosoft Office Home 2019 & Office 365, HP Documentation, HP SSRM, HP Smart1 Year Onsite Warranty"
acer Aspire 7 Ryzen 5 Hexa Core 5500U - (8 GB/512 GB SSD/Windows 10 Home/4 GB Graphics/NVIDIA GeForce ...,"₹51,990",1,"Free upgrade to Windows 11 when availableAMD Ryzen 5 Hexa Core Processor8 GB DDR4 RAM64 bit Windows 10 Operating System512 GB SSD39.62 cm (15.6 inch) DisplayAcer Collection , Acer Product Registration, Acer Care Center, Quick Access1 Year International Travelers Warranty (ITW)"
HP Core i5 11th Gen - (8 GB/512 GB SSD/Windows 11 Home) 15s-fq4022TU Thin and Light Laptop,"₹50,999",4.3,Intel Core i5 Processor (11th Gen)8 GB DDR4 RAM64 bit Windows 11 Operating System512 GB SSD39.62 cm (15.6 Inch) Display1 Year Onsite Warranty
Lenovo IdeaPad 3 Core i5 11th Gen - (8 GB/512 GB SSD/Windows 10 Home) 15ITL6 Thin and Light Laptop,"₹53,490",4.1,Intel Core i5 Processor (11th Gen)8 GB DDR4 RAM64 bit Windows 10 Operating System512 GB SSD39.62 cm (15.6 inch) DisplayMicrosoft Office Home and Student 20192 Year Onsite�Warranty
acer Aspire 3 Ryzen 5 Quad Core 3500U - (8 GB/512 GB SSD/Windows 11 Home) A315-23 Laptop,"₹37,990",4.3,"AMD Ryzen 5 Quad Core Processor8 GB DDR4 RAM64 bit Windows 11 Operating System512 GB SSD39.62 cm (15.6 inch) DisplayAcer Care Center, Quick Access, Acer Product Registration1 Year International Travelers Warranty (ITW)"
realme Book (Slim) Core i3 11th Gen - (8 GB/256 GB SSD/Windows 10 Home) RMNB1001 Thin and Light Laptop,"₹39,990",4.2,Intel Core i3 Processor (11th Gen)8 GB DDR4 RAM64 bit Windows 10 Operating System256 GB SSD35.56 cm (14 inch) DisplayMicrosoft Office 2019 Home & Student1 Year Onsite Warranty
HP Pavilion Ryzen 5 Hexa Core 5600H - (8 GB/512 GB SSD/Windows 10/4 GB Graphics/NVIDIA GeForce GTX 165...,"₹59,990",4.4,"AMD Ryzen 5 Hexa Core Processor8 GB DDR4 RAM64 bit Windows 10 Operating System512 GB SSD39.62 cm (15.6 inch) DisplayHP Documentation, HP e-service, HP BIOS Recovery, HP SSRM, HP Smart, HP Jumpstarts1 Year Onsite Warranty"
DELL Inspiron Ryzen 3 Dual Core 3250U - (8 GB/512 GB SSD/Windows 11 Home) Inspiron 3515 Notebook,"₹41,190",4.2,AMD Ryzen 3 Dual Core Processor8 GB DDR4 RAM64 bit Windows 11 Operating System512 GB SSD39.62 cm (15.6 Inch) Display1 Year Onsite Warranty
ASUS VivoBook 14 (2021) Ryzen 7 Quad Core 3700U - (16 GB/512 GB SSD/Windows 11 Home) M415DA-EB512WS Th...,"₹45,990",4.3,AMD Ryzen 7 Quad Core Processor16 GB DDR4 RAM64 bit Windows 11 Operating System512 GB SSD35.56 cm (14 inch) DisplayOffice Home and Student 20211 Year Onsite Warranty
ASUS ROG Strix G15 Ryzen 7 Octa Core 4800H - (16 GB/1 TB SSD/Windows 11 Home/4 GB Graphics/NVIDIA GeFo...,"₹89,990",4.3,AMD Ryzen 7 Octa Core Processor16 GB DDR4 RAMWindows 11 Operating System1 TB SSD39.62 cm (15.6 inch) DisplayMicrosoft Office Home & Student1 Year Onsite Warranty
ASUS Core i3 10th Gen - (8 GB/1 TB HDD/Windows 11 Home) X415JA-BV301WS Thin and Light Laptop,"₹27,990",4.1,Intel Core i3 Processor (10th Gen)8 GB DDR4 RAM64 bit Windows 11 Operating System1 TB HDD35.56 cm (14 inch) Display1 Year Onsite Warranty
ASUS TUF Gaming A17 with 90Whr Battery Ryzen 5 Hexa Core 4600H - (8 GB/512 GB SSD/Windows 11 Home/4 GB...,"₹55,990",4.4,AMD Ryzen 5 Hexa Core Processor8 GB DDR4 RAM64 bit Windows 11 Operating System512 GB SSD43.94 cm (17.3 Inch) Display1 Year Onsite Warranty
DELL Ryzen 3 Dual Core 3250U - (8 GB/1 TB HDD/256 GB SSD/Windows 11 Home) INSPIRON 3515 Thin and Light...,"₹41,290",4.3,AMD Ryzen 3 Dual Core Processor8 GB DDR4 RAM64 bit Windows 11 Operating System1 TB HDD|256 GB SSD39.62 cm (15.6 inch) DisplayOffice Home and Student 20211 Year Onsite Warranty
ASUS VivoBook Ultra 14 (2022) Core i5 11th Gen - (16 GB/512 GB SSD/Windows 11 Home) X413EA-EB532WS Thi...,"₹56,990",4.3,Intel Core i5 Processor (11th Gen)16 GB DDR4 RAM64 bit Windows 11 Operating System512 GB SSD35.56 cm (14 inch) DisplayOffice Home and Student 20211 Year Onsite Warranty
ASUS VivoBook Flip 14 Core i3 11th Gen - (8 GB/512 GB SSD/Windows 11 Home) TP470EA-EC311WS 2 in 1 Lapt...,"₹46,990",4.5,Intel Core i3 Processor (11th Gen)8 GB LPDDR4X RAMWindows 11 Operating System512 GB SSD35.56 cm (14 inch) Touchscreen DisplayMicrosoft Office Home and Student 20211 Year Onsite Warranty
HP Ryzen 3 Dual Core 3250U - (8 GB/256 GB SSD/Windows 11 Home) 15s-ey1508AU Thin and Light Laptop,"₹35,990",4.2,"AMD Ryzen 3 Dual Core Processor8 GB DDR4 RAM64 bit Windows 11 Operating System256 GB SSD39.62 cm (15.6 mm) DisplayMicrosoft Office 2021 Home and Student, HP Documentation, HP BIOS recovery, HP Smart1 Year Onsite Warranty"
ASUS VivoBook K15 OLED Ryzen 7 Octa Core 5700U - (16 GB/512 GB SSD/Windows 11 Home) KM513UA-L712WS Thi...,"₹62,990",4.3,AMD Ryzen 7 Octa Core Processor16 GB DDR4 RAM64 bit Windows 11 Operating System512 GB SSD39.62 cm (15.6 Inch) Display1 Year onsite warranty
DELL Inspiron Pentium Silver - (8 GB/256 GB SSD/Windows 11 Home) Inspiron 3521 Notebook,"₹33,390",4.2,Intel Pentium Silver Processor8 GB DDR4 RAM64 bit Windows 11 Operating System256 GB SSD39.62 cm (15.6 Inch) Display1 Year Onsite Warranty
acer Aspire 3 Celeron Dual Core - (4 GB/256 GB SSD/Windows 11 Home) A314-35 Notebook,"₹24,990",4.4,Intel Celeron Dual Core Processor4 GB DDR4 RAM64 bit Windows 11 Operating System256 GB SSD35.56 cm (14 inch) Display1 Year International Travelers Warranty (ITW)
ASUS VivoBook 15 (2022) Core i3 11th Gen - (4 GB/256 GB SSD/Windows 10 Home) X515EA-EJ302TS Thin and L...,"₹31,990",4.5,Intel Core i3 Processor (11th Gen)4 GB DDR4 RAMWindows 10 Operating System256 GB SSD39.62 cm (15.6 inch) DisplayMicrosoft Office Home & Student 20191 Year Onsite Warranty
ASUS VivoBook 14 (2022) Core i5 11th Gen - (8 GB/1 TB HDD/256 GB SSD/Windows 11 Home) X415EA-EB572WS T...,"₹48,990",4.9,Intel Core i5 Processor (11th Gen)8 GB DDR4 RAM64 bit Windows 11 Operating System1 TB HDD|256 GB SSD35.56 cm (14 inch) DisplayOffice Home and Student 20211 Year Onsite Warranty
ASUS TUF Gaming A17 Ryzen 7 Octa Core 4800H - (16 GB/512 GB SSD/Windows 10 Home/4 GB Graphics/NVIDIA G...,"₹76,990",4.3,AMD Ryzen 7 Octa Core Processor16 GB DDR4 RAM64 bit Windows 10 Operating System512 GB SSD43.94 cm (17.3 inch) Display1 Year Onsite Warranty
HP 15s Ryzen 3 Dual Core 3250U - (8 GB/1 TB HDD/256 GB SSD/Windows 10 Home) 15s-GR0012AU Laptop,"₹38,999",4.8,"AMD Ryzen 3 Dual Core Processor8 GB DDR4 RAM64 bit Windows 10 Operating System1 TB HDD|256 GB SSD39.62 cm (15.6 inch) DisplayMicrosoft Office Home and Student 2019, HP Documentation, HP SSRM, HP Smart, HP Support Assistant1 Year Onsite Warranty"
HP Pavilion x360 Core i3 11th Gen - (8 GB/256 GB SSD/Windows 11 Home) 14-dy0190TU 2 in 1 Laptop,"₹49,490",3.4,"Intel Core i3 Processor (11th Gen)8 GB DDR4 RAM64 bit Windows 11 Operating System256 GB SSD35.56 cm (14 inch) Touchscreen DisplayMicrosoft Office Home & Student 2019, HP Documentation, HP SSRM, HP Smart1 Year Onsite Warranty"
HP Pavilion x360 Core i3 11th Gen - (8 GB/256 GB SSD/Windows 11 Home) 14-dy0212TU 2 in 1 Laptop,"₹46,999",4.3,"Intel Core i3 Processor (11th Gen)8 GB DDR4 RAM64 bit Windows 11 Operating System256 GB SSD35.56 cm (14 inch) Touchscreen DisplayMicrosoft Office Home and Student 2021, HP Documentation, HP SSRM, HP Smart1 Year Onsite Warranty"
DELL Vostro Ryzen 5 Quad Core R5-3450U - (8 GB/256 GB SSD/Windows 11 Home) Vostro 3405 Thin and Light ...,"₹41,990",5,AMD Ryzen 5 Quad Core Processor8 GB DDR4 RAM64 bit Windows 11 Operating System256 GB SSD35.56 cm (14 inch) DisplayMicrosoft Office Home and Student 20211 Year Onsite Warranty
HP Core i5 11th Gen - (8 GB/512 GB SSD/Windows 11 Home) 15s-du3517TU Thin and Light Laptop,"₹52,990",5,Intel Core i5 Processor (11th Gen)8 GB DDR4 RAM64 bit Windows 11 Operating System512 GB SSD39.62 cm (15.6 inch) DisplayOffice Home and Student 20191 Year Onsite Warranty
HP Ryzen 5 Hexa Core 5500U - (16 GB/512 GB SSD/Windows 11 Home) 15s- eq2182AU Thin and Light Laptop,"₹55,999",4.1,"AMD Ryzen 5 Hexa Core Processor16 GB DDR4 RAM64 bit Windows 11 Operating System512 GB SSD39.62 cm (15.6 Inch) DisplayMicrosoft Office 2021 Home & Student, HP Documentation, HP BIOS recovery, HP Smart1 Year Onsite Warranty"
Lenovo IdeaPad Core i3 11th Gen - (8 GB/512 GB SSD/Windows 11 Home) 81X800J3IN | 81X800LGIN Thin and L...,"₹39,490",5,Intel Core i3 Processor (11th Gen)8 GB DDR4 RAM64 bit Windows 11 Operating System512 GB SSD39.62 cm (15.6 Inch) DisplayOffice Home and Student 20212 Year Onsite�Warranty
ASUS VivoBook K15 OLED (2022) Core i3 11th Gen - (8 GB/256 GB SSD/Windows 11 Home) K513EA-L302WS Thin ...,"₹43,990",4,Intel Core i3 Processor (11th Gen)8 GB DDR4 RAM64 bit Windows 11 Operating System256 GB SSD39.62 cm (15.6 inch) DisplayOffice Home and Student 20211 Year Onsite Warranty
DELL Inspiron Ryzen 3 Dual Core 3250U - (8 GB/512 GB SSD/Windows 11 Home) Inspiron 3515 Notebook,"₹41,190",4.3,AMD Ryzen 3 Dual Core Processor8 GB DDR4 RAM64 bit Windows 11 Operating System512 GB SSD39.62 cm (15.6 Inch) Display1 Year Onsite Warranty
acer Aspire 3 Core i3 11th Gen - (8 GB/256 GB SSD/Windows 11 Home) A315-58 Notebook,"₹49,999",5,Intel Core i3 Processor (11th Gen)8 GB DDR4 RAM64 bit Windows 11 Operating System256 GB SSD39.62 cm (15.6 inch) Display1 Year International Travelers Warranty (ITW)
Lenovo Ideapad Slim 3i (2021) Core i5 11th Gen - (8 GB/512 GB SSD/Windows 10 Home) 14 ITL 6 Thin and L...,"₹51,990",5,Intel Core i5 Processor (11th Gen)8 GB DDR4 RAM64 bit Windows 10 Operating System512 GB SSD35.56 cm (14 Inch) DisplayMicrosoft Office Home and Student 20192 Years Warranty
ASUS Core i5 11th Gen - (16 GB/1 TB HDD/256 GB SSD/Windows 11 Home) X712EA-AU511WS Laptop,"₹50,990",4.3,Intel Core i5 Processor (11th Gen)16 GB DDR4 RAM64 bit Windows 11 Operating System1 TB HDD|256 GB SSD43.94 cm (17.3 inch) Display1 Year Onsite Warranty
ASUS VivoBook Ultra K15 OLED Core i3 11th Gen - (8 GB/1 TB HDD/256 GB SSD/Windows 11 Home) K513EA-L322...,"₹44,990",5,Intel Core i3 Processor (11th Gen)8 GB DDR4 RAM64 bit Windows 11 Operating System1 TB HDD|256 GB SSD39.62 cm (15.6 inch) Display1 Year Onsite Warranty
Lenovo Ideapad Slim 5i Core i5 11th Gen - (16 GB/512 GB SSD/Windows 10 Home) 15 ITL 05 Thin and Light ...,"₹64,990",3,Intel Core i5 Processor (11th Gen)16 GB DDR4 RAM64 bit Windows 10 Operating System512 GB SSD39.62 cm (15.6 Inch) DisplayMicrosoft Office Home and Student 20191 Year Warranty + 1 Year Premium Care + 1 Year ADP
HP Pavilion x360 Core i3 11th Gen - (8 GB/512 GB SSD/Windows 11 Home) 14-dy0186TU 2 in 1 Laptop,"₹52,490",4.2,Intel Core i3 Processor (11th Gen)8 GB DDR4 RAM64 bit Windows 11 Operating System512 GB SSD35.56 cm (14 inch) DisplayMicrosoft Office Home & Student 20191 Year Onsite Warranty
Lenovo Core i3 11th Gen - (4 GB/256 GB SSD/DOS) V15 G2 ITL Laptop,"₹29,990",5,Intel Core i3 Processor (11th Gen)4 GB DDR4 RAMDOS Operating System256 GB SSD39.62 cm (15.6 inch) Display1 Year Warranty
acer Aspire 3 Core i3 11th Gen - (4 GB/256 GB SSD/Windows 11 Home) A315-58 Thin and Light Laptop,"₹32,000",5,"Intel Core i3 Processor (11th Gen)4 GB DDR4 RAM64 bit Windows 11 Operating System256 GB SSD39.62 cm (15.6 inch) DisplayAcer Care Center, Quick Access, Acer Product Registration1 Year International Travelers Warranty (ITW)"
MSI Katana GF66 Core i5 11th Gen - (16 GB/512 GB SSD/Windows 10 Home/4 GB Graphics/NVIDIA GeForce RTX ...,"₹72,990",4.5,"Intel Core i5 Processor (11th Gen)16 GB DDR4 RAM64 bit Windows 10 Operating System512 GB SSD39.62 cm (15.6 Inch) DisplayMatrix Display (Extend)?Cooler Boost 5?Hi-Res Audio?Nahimic 3, Thin Bezel?Speaker Tuning Engine2 Year On-Site Warranty"
ASUS Core i3 10th Gen - (8 GB/1 TB HDD/Windows 11 Home) X415JA-BV302WS Laptop,"₹27,990",4.5,Intel Core i3 Processor (10th Gen)8 GB DDR4 RAMWindows 11 Operating System1 TB HDD35.56 cm (14 inch) Display1 YEAR
Lenovo Ideapad Gaming 3 Ryzen 7 Octa Core 5800H - (16 GB/512 GB SSD/Windows 11 Home/4 GB Graphics/NVID...,"₹69,990",4.3,AMD Ryzen 7 Octa Core Processor16 GB DDR4 RAM64 bit Windows 11 Operating System512 GB SSD39.62 cm (15.6 inch) Display1 Year Warranty + 1 Year Premium Care + 1 Year ADP
HP Victus Core i5 11th Gen - (8 GB/512 GB SSD/Windows 11 Home/4 GB Graphics/NVIDIA GeForce RTX 3050/14...,"₹67,990",4.1,Intel Core i5 Processor (11th Gen)8 GB DDR4 RAM64 bit Windows 11 Operating System512 GB SSD40.89 cm (16.1 inch) DisplayMicrosoft Office Home & Student 20191 Year Onsite Warranty
"DELL Vostro Core i3 10th Gen - (8 GB/1 TB HDD/256 GB SSD/Windows 11 Home) Vostro 3510, X9K0T Thin and ...","₹42,390",4.3,Intel Core i3 Processor (10th Gen)8 GB DDR4 RAM64 bit Windows 11 Operating System1 TB HDD|256 GB SSD39.62 cm (15.6 inch) DisplayMicrosoft Office Home & Student 20211 Year Onsite Warranty
MSI Core i5 11th Gen - (8 GB/512 GB SSD/Windows 10 Home/4 GB Graphics/NVIDIA GeForce RTX 3050) GF63 Th...,"₹63,990",4.3,Intel Core i5 Processor (11th Gen)8 GB DDR4 RAM64 bit Windows 10 Operating System512 GB SSD39.62 cm (15.6 Inch) Display2 Year Carry-In Warranty Term
DELL Ryzen 5 Hexa Core 5600H - (16 GB/512 GB SSD/Windows 11 Home/4 GB Graphics/NVIDIA GeForce RTX 3050...,"₹73,990",4.1,"NVIDIA RTX 3050 Graphics upto 90W TGP15.6 inch Full HD AG Display (250 nits Brightness, 120Hz, Narrow Border)Alienware Command CenterAMD Ryzen 5 Hexa Core Processor16 GB DDR4 RAM64 bit Windows 11 Operating System512 GB SSD39.62 cm (15.6 inch) DisplayOffice Home and Student 20211 Year Onsite Hardware Service"
MSI Bravo 15 Ryzen 5 Hexa Core 5600H - (8 GB/512 GB SSD/Windows 11 Home/4 GB Graphics/AMD Radeon RX 55...,"₹54,990",4.5,AMD Ryzen 5 Hexa Core Processor8 GB DDR4 RAM64 bit Windows 11 Operating System512 GB SSD39.62 cm (15.6 inch) Display1 Year Warranty
Lenovo IdeaPad 3 Celeron Dual Core - (8 GB/256 GB SSD/Windows 11 Home) 15IGL05 Laptop,"₹27,990",4.3,Intel Celeron Dual Core Processor8 GB DDR4 RAM64 bit Windows 11 Operating System256 GB SSD39.62 cm (15.6 Inch) Display1 Year Onsite�Warranty
ASUS Vivobook S14 OLED (2022) Intel EVO Core i5 12th Gen - (16 GB/512 GB SSD/Windows 11 Home) S3402ZA-...,"₹72,990",4.1,Intel Core i5 Processor (12th Gen)16 GB DDR4 RAM64 bit Windows 11 Operating System512 GB SSD35.56 cm (14 Inch) Display1 Year Onsite Warranty
ASUS VivoBook Flip 14 Core i5 11th Gen - (8 GB/512 GB SSD/Windows 11 Home) TP470EA-EC512WS 2 in 1 Lapt...,"₹64,990",4.5,Intel Core i5 Processor (11th Gen)8 GB LPDDR4X RAM64 bit Windows 11 Operating System512 GB SSD35.56 cm (14 Inch) Touchscreen Display1 Year onsite warranty
HP Notebook PC Core i3 11th Gen - (8 GB/1 TB HDD/Windows 10) G8 240 Thin and Light Laptop,"₹33,999",4.3,"Intel Core i3 Processor (11th Gen)8 GB DDR4 RAM64 bit Windows 10 Operating System1 TB HDD35.56 cm (14 inch) DisplayHP Support Assistant, NativeMiracastsupport, HP AudioSwitch, HPDocumentation, HP SetupIntegrated OOB, HP SSRM, HP JumpStarts1 Year Onsite Warranty"
ASUS Core i5 11th Gen - (16 GB/512 GB SSD/Windows 11 Home) K413EA-EB521WS Thin and Light Laptop,"₹53,990",4.4,Intel Core i5 Processor (11th Gen)16 GB DDR4 RAM64 bit Windows 11 Operating System512 GB SSD35.56 cm (14 inch) Display1 Year Onsite Warranty
DELL Inspiron Core i5 11th Gen - (8 GB/512 GB SSD/Windows 11 Home/2 GB Graphics) Inspiron 3511 Thin an...,"₹65,290",4.2,Intel Core i5 Processor (11th Gen)8 GB DDR4 RAM64 bit Windows 11 Operating System512 GB SSD39.62 cm (15.6 inch) DisplayOffice Home and Student 20211 Year Onsite Warranty
ASUS ROG Strix G15 (2022) Ryzen 7 Octa Core 6800H - (16 GB/1 TB SSD/Windows 11 Home/4 GB Graphics/NVID...,"₹1,03,990",4.6,AMD Ryzen 7 Octa Core Processor16 GB DDR5 RAM64 bit Windows 11 Operating System1 TB SSD39.62 cm (15.6 Inch) Display1 Year Onsite Warranty
Lenovo IdeaPad 1 Ryzen 5 Quad Core 3500U - (8 GB/512 GB SSD/Windows 11 Home) 15ADA7 Thin and Light Lap...,"₹39,990",4.2,AMD Ryzen 5 Quad Core Processor8 GB DDR4 RAM64 bit Windows 11 Operating System512 GB SSD39.62 cm (15.6 Inch) Display1 Year Onsite Warranty
Lenovo Ideapad Gaming 3 Core i5 11th Gen - (16 GB/1 TB HDD/256 GB SSD/Windows 11 Home/4 GB Graphics/NV...,"₹70,490",4.2,Intel Core i5 Processor (11th Gen)16 GB DDR4 RAM64 bit Windows 11 Operating System1 TB HDD|256 GB SSD39.62 cm (15.6 inch) DisplayMicrosoft Office Home & Student 20211 Year Carry-in Warranty
DELL Inspiron Core i3 10th Gen - (8 GB/256 GB SSD/Windows 10) Inspiron 3511 Thin and Light Laptop,"₹43,590",4.4,Intel Core i3 Processor (10th Gen)8 GB DDR4 RAM64 bit Windows 10 Operating System256 GB SSD39.62 cm (15.6 inch) DisplayOffice Home and Student 2019 included1 Year Onsite Warranty
ASUS VivoBook K15 OLED (2022) Core i3 11th Gen - (8 GB/512 GB SSD/Windows 11 Home) K513EA-L312WS Thin ...,"₹46,990",4.9,Intel Core i3 Processor (11th Gen)8 GB DDR4 RAM64 bit Windows 11 Operating System512 GB SSD39.62 cm (15.6 inch) DisplayOffice Home and Student 20211 Year Onsite Warranty
ASUS TUF Gaming A15 Ryzen 9 Octa Core 5900HX - (16 GB/512 GB SSD/Windows 11 Home/6 GB Graphics/NVIDIA ...,"₹99,990",4,AMD Ryzen 9 Octa Core Processor16 GB DDR4 RAM64 bit Windows 11 Operating System512 GB SSD39.62 cm (15.6 inch) Display1 Year Onsite Warranty
ASUS VivoBook Flip 14 Core i3 11th Gen - (8 GB/256 GB SSD/Windows 11 Home) TP470EA-EC301WS 2 in 1 Lapt...,"₹46,990",4.3,Intel Core i3 Processor (11th Gen)8 GB LPDDR4X RAM64 bit Windows 11 Operating System256 GB SSD35.56 cm (14 Inch) Touchscreen Display1 Year Onsite warranty
DELL Inspiron Core i3 10th Gen - (8 GB/1 TB HDD/Windows 10) Inspiron 3511 Thin and Light Laptop,"₹40,490",3.3,Intel Core i3 Processor (10th Gen)8 GB DDR4 RAM64 bit Windows 10 Operating System1 TB HDD39.62 cm (15.6 inch) DisplayOffice Home and Student 2019 included1 Year Onsite Warranty
acer Aspire 7 Core i5 10th Gen - (8 GB/512 GB SSD/Windows 10 Home/4 GB Graphics/NVIDIA GeForce GTX 165...,"₹53,490",4.3,"Free upgrade to Windows 11 when availableIntel Core i5 Processor (10th Gen)8 GB DDR4 RAM64 bit Windows 10 Operating System512 GB SSD39.62 cm (15.6 inch) DisplayQuick Access, Acer Care Center, Acer Product Registration, Acer Collection1 Year International Travelers Warranty"
Lenovo Ideapad Gaming 3 Ryzen 5 Hexa Core 5600H - (8 GB/512 GB SSD/Windows 11 Home/4 GB Graphics/NVIDI...,"₹58,990",4.2,AMD Ryzen 5 Hexa Core Processor8 GB DDR4 RAM64 bit Windows 11 Operating System512 GB SSD39.62 cm (15.6 inch) Display1 Year Warranty + 1 Year Premium Care + 1 Year ADP
ASUS TUF Gaming A17 Ryzen 7 Octa Core 4800H - (8 GB/512 GB SSD/Windows 11 Home/4 GB Graphics/NVIDIA Ge...,"₹72,990",5,AMD Ryzen 7 Octa Core Processor8 GB DDR4 RAM64 bit Windows 11 Operating System512 GB SSD43.94 cm (17.3 Inch) Display1 Year onsite warranty
ASUS VivoBook K15 OLED (2022) Core i5 11th Gen - (16 GB/1 TB HDD/256 GB SSD/Windows 11 Home) K513EA-L5...,"₹65,990",2,Intel Core i5 Processor (11th Gen)16 GB DDR4 RAM64 bit Windows 11 Operating System1 TB HDD|256 GB SSD39.62 cm (15.6 inch) DisplayOffice Home and Student 20211 Year Onsite Warranty
Lenovo IdeaPad Core i5 11th Gen - (16 GB/512 GB SSD/Windows 11 Home) IdeaPad 5 15ITL05 Thin and Light ...,"₹64,990",4.2,Intel Core i5 Processor (11th Gen)16 GB DDR4 RAM64 bit Windows 11 Operating System512 GB SSD39.62 cm (15.6 Inch) Display1 Year Warranty + 1 Year Premium Care + 1 Year ADP
MSI Core i5 11th Gen - (8 GB/512 GB SSD/Windows 10 Home/4 GB Graphics/NVIDIA GeForce GTX 1650 MAX Q) G...,"₹56,990",5,Intel Core i5 Processor (11th Gen)8 GB DDR4 RAM64 bit Windows 10 Operating System512 GB SSD39.62 cm (15.6 Inch) Display2 Year Carry-In Warranty Term
HP Ryzen 3 Quad Core 5300U - (8 GB/512 GB SSD/Windows 11 Home) 15s-eq2143au Thin and Light Laptop,"₹39,490",5,"AMD Ryzen 3 Quad Core Processor8 GB DDR4 RAM64 bit Windows 11 Operating System512 GB SSD39.62 cm (15.6 inch) DisplayMicrosoft Office 2019 & Office 365, HP Documentation, HP BIOS recovery, HP Smart1 Year Onsite Warranty"
APPLE MacBook Air M1 - (16 GB/512 GB SSD/Mac OS Big Sur) Z124J006KD,"₹1,20,990",4.3,"Apple M1 Processor16 GB DDR4 RAMMac OS Operating System512 GB SSD33.78 cm (13.3 inch) DisplayBuilt-in Apps: iMovie, Siri, GarageBand, Pages, Numbers, Photos, Keynote, Safari, Mail, FaceTime, Messages, Maps, Stocks, Home, Voice Memos, Notes, Calendar, Contacts, Reminders, Photo Booth, Preview, Books, App Store, Time Machine, TV, Music, Podcasts, Find My, QuickTime Player1 Year Limited Warranty"
MSI GF65 Thin Core i7 10th Gen - (16 GB/1 TB SSD/Windows 10 Home/6 GB Graphics/NVIDIA GeForce RTX 3060...,"₹89,990",4,"Intel Core i7 Processor (10th Gen)16 GB DDR4 RAM64 bit Windows 10 Operating System1 TB SSD39.62 cm (15.6 inch) DisplayPCI-e SSD (NVMe) ready,SHIFT,Silver-Lining Print,Cooler Boost 5,Audio Boost,Dragon Center,Nahimic 3,Narrow Bezel, 144Hz Panel2 Year On-Site Warranty"
ASUS Vivobook 14 Core i3 11th Gen - (8 GB/512 GB SSD/Windows 11 Home) X415EA-EB322WS Thin and Light La...,"₹38,990",4,"Intel Core i3 Processor (11th Gen)8 GB DDR4 RAM64 bit Windows 11 Operating System512 GB SSD35.81 cm (14.1 inch) DisplayWindows 11 Home, Microsoft Office Home & Student 2019, 1 Year Mcafee1 Year Onsite Warranty"
ASUS TUF Gaming F15 Core i5 10th Gen - (8 GB/512 GB SSD/Windows 11 Home/4 GB Graphics/NVIDIA GeForce G...,"₹54,990",4.3,Intel Core i5 Processor (10th Gen)8 GB DDR4 RAM64 bit Windows 11 Operating System512 GB SSD39.62 cm (15.6 inch) Display1 Year Onsite Warranty
ASUS VivoBook 14 Pentium Silver - (4 GB/256 GB SSD/Windows 11 Home) X415KA-EK111WS Thin and Light Lapt...,"₹29,990",5,Intel Pentium Silver Processor4 GB DDR4 RAM64 bit Windows 11 Operating System256 GB SSD35.56 cm (14 Inch) Display1 Year onsite warranty
Lenovo IdeaPad Flex 5 Ryzen 5 Hexa Core 5500U - (8 GB/512 GB SSD/Windows 11 Home) 14ALC05 2 in 1 Lapto...,"₹61,990",5,AMD Ryzen 5 Hexa Core Processor8 GB DDR4 RAM64 bit Windows 11 Operating System512 GB SSD35.56 cm (14 Inch) Touchscreen DisplayOffice Home and Student 20211 Year Warranty + 1 Year Premium Care + 1 Year ADP
ASUS VivoBook K15 OLED Ryzen 7 Octa Core 5700U - (16 GB/512 GB SSD/Windows 11 Home) KM513UA-L713WS Thi...,"₹62,990",4.5,AMD Ryzen 7 Octa Core Processor16 GB DDR4 RAM64 bit Windows 11 Operating System512 GB SSD39.62 cm (15.6 Inch) Display1 Year onsite warranty
HP Pavilion Ryzen 5 Hexa Core 5500U - (8 GB/512 GB SSD/Windows 10 Home) 15-eh1101AU Thin and Light Lap...,"₹54,999",5,AMD Ryzen 5 Hexa Core Processor8 GB DDR4 RAM64 bit Windows 10 Operating System512 GB SSD39.62 cm (15.6 Inch) DisplayMicrosoft Office Home & Student 20191 Year Onsite Warranty
DELL Inspiron Core i3 11th Gen - (8 GB/256 GB SSD/Windows 11 Home) Inspiron 3511 Thin and Light Laptop,"₹42,190",5,Intel Core i3 Processor (11th Gen)8 GB DDR4 RAM64 bit Windows 11 Operating System256 GB SSD38.0 cm (14.96 Inch) Display1 Year Onsite Warranty
DELL Inspiron Ryzen 5 Dual Core 3450U - (8 GB/512 GB SSD/Windows 11 Home) INSPIRON 3515 Thin and Light...,"₹47,490",4.4,AMD Ryzen 5 Dual Core Processor8 GB DDR4 RAM64 bit Windows 11 Operating System512 GB SSD39.62 cm (15.6 Inch) DisplayMicrosoft Office Home & Student 20211 Year Onsite Warranty
HP Pavilion Ryzen 5 Hexa Core 5600H - (8 GB/512 GB SSD/Windows 10 Home/4 GB Graphics/NVIDIA GeForce GT...,"₹57,990",4.5,"AMD Ryzen 5 Hexa Core Processor8 GB DDR4 RAM64 bit Windows 11 Operating System512 GB SSD39.62 cm (15.6 Inch) DisplayMicrosoft Office Home & Student 2019, HP Documentation, HP e-service, HP BIOS recovery, HP SSRM, HP Smart, HP Jumpstarts1 Year onsite warranty"
MSI Pulse GL66 Core i7 11th Gen - (16 GB/1 TB SSD/Windows 10 Home/8 GB Graphics/NVIDIA GeForce RTX 307...,"₹1,08,990",3.2,"Intel Core i7 Processor (11th Gen)16 GB DDR4 RAM64 bit Windows 10 Operating System1 TB SSD39.62 cm (15.6 Inch) DisplayMatrix Display (Extend)?Cooler Boost 5?Hi-Res Audio?Nahimic 3, Thin Bezel?Speaker Tuning Engine2 Year On-Site Warranty"
ASUS VivoBook 14 (2021) Ryzen 3 Dual Core 3250U - (8 GB/256 GB SSD/Windows 11 Home) M515DA-BR322WS Thi...,"₹33,990",4.1,AMD Ryzen 3 Dual Core Processor8 GB DDR4 RAM64 bit Windows 11 Operating System256 GB SSD39.62 cm (15.6 inch) DisplayOffice Home and Student 20211 Year Onsite Warranty
acer Extensa 15 Core i3 11th Gen - (4 GB/256 GB SSD/Windows 11 Home) EX215-54 Thin and Light Laptop,"₹35,990",4.5,"Intel Core i3 Processor (11th Gen)4 GB DDR4 RAM64 bit Windows 11 Operating System256 GB SSD39.62 cm (15.6 inch) DisplayAcer Care Center, Quick Access, Acer Product Registration1 Year International Travelers Warranty (ITW)"
HP Ryzen 3 Dual Core 3250U - (8 GB/256 GB SSD/Windows 11 Home) 15s-GY0501AU Thin and Light Laptop,"₹31,990",2.9,AMD Ryzen 3 Dual Core Processor8 GB DDR4 RAM64 bit Windows 11 Operating System256 GB SSD39.62 cm (15.6 inch) DisplayOffice Home and Student 2019 included1 Year Onsite Warranty
Avita SATUS ULTIMUS S111 Celeron Dual Core - (4 GB/128 GB SSD/Windows 11 Home) NU14A1INC43PN-CS Laptop,"₹21,490",3.7,Intel Celeron Dual Core Processor4 GB DDR4 RAM64 bit Windows 11 Operating System128 GB SSD35.81 cm (14.1 Inch) Display1 Year Onsite Warranty
Lenovo IdeaPad 3 Chromebook Celeron Dual Core 4th Gen - (4 GB/64 GB EMMC Storage/Chrome OS) 14IGL05 Ch...,"₹22,620",4.4,Intel Celeron Dual Core Processor (4th Gen)4 GB LPDDR4 RAMChrome Operating System35.56 cm (14 inch) DisplayNA1 Year Warranty
Lenovo Ryzen 3 Dual Core 3250U - (4 GB/1 TB HDD/Windows 10 Home) V15 -ADA Laptop,"₹30,990",4.2,AMD Ryzen 3 Dual Core Processor4 GB DDR4 RAM64 bit Windows 10 Operating System1 TB HDD39.62 cm (15.6 inch) Display1 Year Warranty Term
ASUS ASUS Vivobook 13 Slate OLED Pentium Quad Core - (4 GB/128 GB EMMC Storage/Windows 11 Home) T3300K...,"₹43,990",4.5,Intel Pentium Quad Core Processor4 GB LPDDR4X RAM64 bit Windows 11 Operating System33.78 cm (13.3 inch) Touchscreen DisplayOffice Home and Student 20211 Year Onsite Warranty
ASUS Asus Vivobook 15 Pentium Quad Core - (4 GB/1 TB HDD/Windows 11 Home) X515MA-BR101W Laptop,"₹26,990",4.6,Intel Pentium Quad Core Processor4 GB DDR4 RAM64 bit Windows 11 Operating System1 TB HDD39.62 cm (15.6 inch) Display1 Year Onsite Warranty
acer Chromebook Celeron Dual Core - (4 GB/16 GB EMMC Storage/Chrome OS) C733 Chromebook,"₹23,990",4.5,Intel Celeron Dual Core Processor4 GB DDR4 RAMChrome Operating System29.46 cm (11.6 inch) Display1 Year International Travelers Warranty (ITW)
ASUS Vivobook 14 Core i3 10th Gen - (4 GB/1 TB HDD/Windows 10 Home) X409FA-EK617T Thin and Light Lapto...,"₹33,990",4.1,Intel Core i3 Processor (10th Gen)4 GB DDR4 RAM64 bit Windows 10 Operating System1 TB HDD35.81 cm (14.1 inch) Display1 Year Manufacturing Warranty
Lenovo Yoga 510 Core i3 6th Gen - (4 GB/1 TB HDD/Windows 10 Home) Yoga 510 2 in 1 Laptop,"₹44,500",4.5,"Pre-installed Genuine Windows 10 Operating System (Includes Built-in Security, Free Automated Updates, Latest Features)Intel Core i3 Processor (6th Gen)4 GB DDR4 RAM64 bit Windows 10 Operating System1 TB HDD35.56 cm (14 inch) Touchscreen Display1 Year Onsite Warranty"
Lenovo E41 APU Dual Core A6 A6-9225 - (4 GB/1 TB HDD/Windows 10) E41-45 Notebook,"₹27,490",4.8,AMD APU Dual Core A6 Processor4 GB DDR4 RAM64 bit Windows 10 Operating System1 TB HDD35.56 cm (14 Inch) Display1 Year Onsite Warranty
Lenovo Core i3 10th Gen - (4 GB/1 TB HDD/Windows 10 Pro) V14 Laptop,"₹44,590",3.8,Intel Core i3 Processor (10th Gen)4 GB DDR4 RAM64 bit Windows 10 Operating System1 TB HDD35.56 cm (14 inch) Display1 Year Onsite Warranty
Smartron t.book flex Core i5 7th Gen - (4 GB/128 GB SSD/Windows 10 Home) T1224 2 in 1 Laptop,"₹52,990",4.8,Intel Core i5 Processor (7th Gen)4 GB DDR3 RAM64 bit Windows 10 Operating System128 GB SSD30.99 cm (12.2 inch) Touchscreen Display1 Year Onsite Warranty
Smartron t.book flex Core i5 7th Gen - (4 GB/128 GB SSD/Windows 10 Home) T1224 2 in 1 Laptop,"₹52,990",4.3,Intel Core i5 Processor (7th Gen)4 GB DDR3 RAM64 bit Windows 10 Operating System128 GB SSD30.99 cm (12.2 inch) Touchscreen Display1 Year Onsite Warranty
Lenovo Lenovo V15 Celeron Dual Core - (4 GB/256 GB SSD/Windows 10) 82C30053IH Thin and Light Laptop,"₹29,980",4.7,Intel Celeron Dual Core Processor4 GB DDR4 RAM64 bit Windows 10 Operating System256 GB SSD39.62 cm (15.6 inch) DisplayWindows 10 (Free Upgrade Win 11)12 Months
ASUS ExpertBook Core i3 10th Gen - (4 GB/1 TB HDD/DOS) P1545FA-BR281 Business Laptop,"₹34,490",3.9,Intel Core i3 Processor (10th Gen)4 GB DDR4 RAM64 bit DOS Operating System1 TB HDD39.62 cm (15.6 inch) Display1 Year Onsite Warranty
Lenovo Core i5 11th Gen - (4 GB/512 GB SSD/Windows 10) 82H700J7IN Laptop,"₹56,890",5,Intel Core i5 Processor (11th Gen)4 GB DDR4 RAMWindows 10 Operating System512 GB SSD35.56 cm (14 inch) Display1 Year Onsite Warranty
Lenovo ThinkBook 14 Core i3 10th Gen - (4 GB/1 TB HDD/Windows 10) ThinkBook 14 IIL Thin and Light Lapt...,"₹50,001",3.8,Intel Core i3 Processor (10th Gen)4 GB DDR4 RAM64 bit Windows 10 Operating System1 TB HDD35.56 cm (14 inch) Display1 Year Onsite Warranty
Lenovo Core i3 10th Gen - (8 GB/512 GB SSD/Windows 11 Home) 15IML05 Thin and Light Laptop,"₹36,990",4.4,Intel Core i3 Processor (10th Gen)8 GB DDR4 RAM64 bit Windows 11 Operating System512 GB SSD39.62 cm (15.6 inch) DisplayOffice Home and Student 20212 Year Onsite�Warranty
Lenovo IdeaPad 3 Core i3 11th Gen - (8 GB/512 GB SSD/Windows 11 Home) 82H801L7IN | 82H802FJIN | 82H802...,"₹39,490",4.1,Intel Core i3 Processor (11th Gen)8 GB DDR4 RAM64 bit Windows 11 Operating System512 GB SSD39.62 cm (15.6 inch) DisplayOffice Home and Student 20212 Year Onsite�Warranty
ASUS VivoBook 15 (2022) Core i3 10th Gen - (8 GB/512 GB SSD/Windows 11 Home) X515JA-BQ322WS Thin and L...,"₹34,990",5,Intel Core i3 Processor (10th Gen)8 GB DDR4 RAM64 bit Windows 11 Operating System512 GB SSD39.62 cm (15.6 inch) DisplayOffice Home and Student 20211 Year Onsite Warranty
MSI Modern 14 Core i5 10th Gen - (8 GB/512 GB SSD/Windows 10 Home) Modern 14 B10MW-639IN Notebook,"₹41,990",5,Intel Core i5 Processor (10th Gen)8 GB DDR4 RAM64 bit Windows 10 Operating System512 GB SSD35.56 cm (14 inch) Display1 Year On-Site Warranty
Lenovo IdeaPad 3 Ryzen 5 Hexa Core 5500U - (8 GB/512 GB SSD/Windows 11 Home) 15ALC6 Thin and Light Lap...,"₹47,990",3.5,AMD Ryzen 5 Hexa Core Processor8 GB DDR4 RAM64 bit Windows 11 Operating System512 GB SSD39.62 cm (15.6 inch) DisplayOffice Home and Student 20212 Years Warranty
Lenovo IdeaPad 1 Ryzen 3 Dual Core 3250U - (8 GB/512 GB SSD/Windows 11 Home) 15ADA7 Thin and Light Lap...,"₹36,490",1,AMD Ryzen 3 Dual Core Processor8 GB DDR4 RAM64 bit Windows 11 Operating System512 GB SSD39.62 cm (15.6 Inch) Display1 Year Onsite Warranty
RedmiBook Pro Core i5 11th Gen - (8 GB/512 GB SSD/Windows 10 Home) Thin and Light Laptop,"₹39,990",1,"Intel Core i5 Processor (11th Gen)8 GB DDR4 RAMWindows 10 Operating System512 GB SSD39.62 cm (15.6 inch) DisplayMS Office Home & Student 2019, Mi Smart Share, DTS Audio processing1 Year Onsite Warranty"
acer Extensa Core i3 11th Gen - (8 GB/256 GB SSD/Windows 11 Home) EX 215-54 Thin and Light Laptop,"₹31,990",4.5,Intel Core i3 Processor (11th Gen)8 GB DDR4 RAM64 bit Windows 11 Operating System256 GB SSD39.62 cm (15.6 Inch) Display1 Year International Travelers Warranty (ITW)
MSI GP66 Leopard Core i7 11th Gen - (16 GB/1 TB SSD/Windows 10 Home/8 GB Graphics/NVIDIA GeForce RTX 3...,"₹1,29,990",4,Intel Core i7 Processor (11th Gen)16 GB DDR4 RAM64 bit Windows 10 Operating System1 TB SSD39.62 cm (15.6 inch) Display2 Year Carry-In Warranty Term
Lenovo IdeaPad Gaming 3i Core i7 11th Gen - (8 GB/512 GB SSD/Windows 10 Home/4 GB Graphics/NVIDIA GeFo...,"₹72,990",3,Intel Core i7 Processor (11th Gen)8 GB DDR4 RAM64 bit Windows 10 Operating System512 GB SSD39.62 cm (15.6 inch) Display1 Year Warranty + 1 Year Premium Care + 1 Year ADP
Lenovo Thinkpad Ryzen 5 Hexa Core 5600U - (8 GB/512 GB SSD/DOS) E14 AMD Gen3 Thin and Light Laptop,"₹56,990",3.8,AMD Ryzen 5 Hexa Core Processor8 GB DDR4 RAM64 bit DOS Operating System512 GB SSD35.56 cm (14 inch) Display1 Year Onsite Warranty
HP Core i5 12th Gen - (8 GB/512 GB SSD/Windows 11 Home) 15s-fy5001TU Thin and Light Laptop,"₹58,990",3,Intel Core i5 Processor (12th Gen)8 GB DDR4 RAM64 bit Windows 11 Operating System512 GB SSD39.62 cm (15.6 inch) Display1 Year Onsite Warranty
MSI Sword 15 Core i5 12th Gen - (16 GB/512 GB SSD/Windows 11 Home/4 GB Graphics/NVIDIA GeForce RTX 305...,"₹82,990",1,Intel Core i5 Processor (12th Gen)16 GB DDR4 RAM64 bit Windows 11 Operating System512 GB SSD39.62 cm (15.6 Inch) Display2 Year Carry-In Warranty Term
HP Ryzen 7 Octa Core 5700U - (8 GB/512 GB SSD/Windows 10 Home) 14s-fq1083AU Thin and Light Laptop,"₹57,990",4.2,AMD Ryzen 7 Octa Core Processor8 GB DDR4 RAM64 bit Windows 10 Operating System512 GB SSD35.56 cm (14 inch) DisplayMicrosoft Office Home & Student 20191 Year Onsite Warranty
APPLE MacBook Air M1 - (16 GB/512 GB SSD/Mac OS Big Sur) Z124J002KD,"₹1,29,990",4,"Apple M1 Processor16 GB DDR4 RAMMac OS Operating System512 GB SSD33.78 cm (13.3 inch) DisplayBuilt-in Apps: iMovie, Siri, GarageBand, Pages, Numbers, Photos, Keynote, Safari, Mail, FaceTime, Messages, Maps, Stocks, Home, Voice Memos, Notes, Calendar, Contacts, Reminders, Photo Booth, Preview, Books, App Store, Time Machine, TV, Music, Podcasts, Find My, QuickTime Player1 Year Limited Warranty"
Lenovo IdeaPad Gaming 3 Core i5 10th Gen - (8 GB/512 GB SSD/Windows 10 Home/4 GB Graphics/NVIDIA GeFor...,"₹54,990",5,Intel Core i5 Processor (10th Gen)8 GB DDR4 RAM64 bit Windows 10 Operating System512 GB SSD39.62 cm (15.6 inch) Display1 Year Warranty + 1 Year Premium Care + 1 Year ADP
ASUS Core i5 10th Gen - (8 GB + 32 GB Optane/512 GB SSD/Windows 10 Home) X515JA-EJ562TS Thin and Light...,"₹50,990",4.7,"Intel Core i5 Processor (10th Gen)8 GB DDR4 RAM64 bit Windows 10 Operating System512 GB SSD39.62 cm (15.6 inch) DisplayMicrosoft Office Home and Student 2019, System Diagnosis (All models), Splendid (All Models), Tru2Life (Intel Platform Models), Keyboard Hotkeys (All Models), AppDeals (All Models), Link to MyASUS (All Models, Bluetooth Needed)1 Year Onsite Warranty"
ASUS ROG Flow X13 Ryzen 9 Octa Core 5900HS - (32 GB/1 TB SSD/Windows 10 Home/4 GB Graphics/NVIDIA GeFo...,"₹1,09,990",3.7,AMD Ryzen 9 Octa Core Processor32 GB LPDDR4X RAM64 bit Windows 10 Operating System1 TB SSD34.04 cm (13.4 inch) Touchscreen DisplayMicrosoft Office Home and Student 20191 Year Onsite Warranty
DELL Inspiron Core i3 11th Gen - (8 GB/1 TB HDD/Windows 11 Home) Inspiron 3511 Thin and Light Laptop,"₹39,690",4.4,Intel Core i3 Processor (11th Gen)8 GB DDR4 RAM64 bit Windows 11 Operating System1 TB HDD38.0 cm (14.96 inch) DisplayMicrosoft Office Home & Student 20211 Year Onsite Warranty
Lenovo ThinkPad E15 Core i5 11th Gen - (8 GB/512 GB SSD/Windows 10 Home) E15 Laptop,"₹63,990",4.5,Intel Core i5 Processor (11th Gen)8 GB DDR4 RAM64 bit Windows 10 Operating System512 GB SSD39.62 cm (15.6 inch) DisplayMicrosoft Office Home & Student 20191 Year Onsite Warranty
APPLE 2020 Macbook Air M1 - (8 GB/512 GB SSD/Mac OS Big Sur) MGN73HN/A,"₹1,09,990",4.5,"Apple M1 Processor8 GB DDR4 RAMMac OS Operating System512 GB SSD33.78 cm (13.3 inch) DisplayBuilt-in Apps: iMovie, Siri, GarageBand, Pages, Numbers, Photos, Keynote, Safari, Mail, FaceTime, Messages, Maps, Stocks, Home, Voice Memos, Notes, Calendar, Contacts, Reminders, Photo Booth, Preview, Books, App Store, Time Machine, TV, Music, Podcasts, Find My, QuickTime Player1 Year Limited Warra­nty"
ASUS Core i3 11th Gen - (4 GB/256 GB SSD/Windows 11 Home) X415EA-EK302WS Thin and Light Laptop,"₹31,480",4.4,Intel Core i3 Processor (11th Gen)4 GB DDR4 RAM64 bit Windows 11 Operating System256 GB SSD35.56 cm (14 Inch) Display1 Year onsite warranty
acer Aspire 3 Ryzen 3 Dual Core 3250U - (8 GB/512 GB SSD/Windows 11 Home) A315-23 Laptop,"₹36,990",4.4,"AMD Ryzen 3 Dual Core Processor8 GB DDR4 RAM64 bit Windows 11 Operating System512 GB SSD39.62 cm (15.6 inch) DisplayAcer Care Center, Quick Access, Acer Product Registration1 Year International Travelers Warranty (ITW)"
HP Ryzen 5 Hexa Core 5500U - (8 GB/512 GB SSD/Windows 11 Home) 15s- eq2144au Thin and Light Laptop,"₹48,290",4.6,"AMD Ryzen 5 Hexa Core Processor8 GB DDR4 RAM64 bit Windows 11 Operating System512 GB SSD39.62 cm (15.6 inch) DisplayMicrosoft Office Home 2019 & Office 365, HP Documentation, HP SSRM, HP Smart1 Year Onsite Warranty"
Infinix INBook X1 Neo Series Celeron Quad Core - (8 GB/256 GB SSD/Windows 11 Home) XL22 Thin and Light...,"₹24,990",4.1,Intel Celeron Quad Core Processor8 GB LPDDR4X RAM64 bit Windows 11 Operating System256 GB SSD35.56 cm (14 inch) Display1 Year Onsite Warranty
ASUS Vivobook Pro 15 OLED Ryzen 7 Octa Core 4800H - (16 GB/512 GB SSD/Windows 11 Home/4 GB Graphics) M...,"₹88,990",4.6,AMD Ryzen 7 Octa Core Processor16 GB DDR4 RAM64 bit Windows 11 Operating System512 GB SSD39.62 cm (15.6 Inch) Display1 Year Onsite Warranty
ASUS TUF Dash F15 (2022) Core i5 12th Gen - (8 GB/512 GB SSD/Windows 11 Home/4 GB Graphics/NVIDIA GeFo...,"₹84,990",4.4,Intel Core i5 Processor (12th Gen)8 GB DDR5 RAMWindows 11 Operating System512 GB SSD39.62 cm (15.6 inch) DisplayMicrosoft Office Home & Student1 Year Onsite Warranty
Lenovo IdeaPad Flex 5 Core i3 11th Gen - (8 GB/512 GB SSD/Windows 11 Home) 14ITL05 2 in 1 Laptop,"₹58,990",4.3,Intel Core i3 Processor (11th Gen)8 GB DDR4 RAM64 bit Windows 11 Operating System512 GB SSD35.56 cm (14 Inch) Touchscreen DisplayOffice Home and Student 20211 Year Warranty + 1 Year Premium Care + 1 Year ADP
APPLE 2022 MacBook AIR M2 - (8 GB/512 GB SSD/Mac OS Monterey) MLXX3HN/A,"₹1,49,900",4.5,"Apple M2 Processor8 GB Unified Memory RAMMac OS Operating System512 GB SSD34.54 cm (13.6 Inch) DisplayBuilt-in Apps: iMovie, Siri, GarageBand, Pages, Numbers, Photos, Keynote, Safari, Mail, FaceTime, Messages, Maps, Stocks, Home, Voice Memos, Notes, Calendar, Contacts, Reminders, Photo Booth, Preview, Books, App Store, Time Machine, TV, Music, Podcasts, Find My, QuickTime Player1 Year Limited Warra­nty"
ASUS VivoBook Flip 14 Touch Panel Core i3 10th Gen - (4 GB/512 GB SSD/Windows 10 Home) TP412FA-EC372TS...,"₹47,990",4.2,"Intel Core i3 Processor (10th Gen)4 GB DDR4 RAM64 bit Windows 10 Operating System512 GB SSD35.56 cm (14 inch) Touchscreen DisplayMy Asus, Splendid, Pre-Installed MS Office Home and Student 20191 Year Onsite Warranty"
Infinix INBook X1 Core i3 10th Gen - (8 GB/256 GB SSD/Windows 11 Home) XL11 Thin and Light Laptop,"₹29,990",4.5,Intel Core i3 Processor (10th Gen)8 GB LPDDR4X RAM64 bit Windows 11 Operating System256 GB SSD35.56 cm (14 inch) Display1 year Onsite Warranty
ASUS Vivobook 15 Core i3 11th Gen - (8 GB/512 GB SSD/Windows 11 Home) X515EA-EJ322WS Thin and Light La...,"₹36,990",4.3,Intel Core i3 Processor (11th Gen)8 GB DDR4 RAM64 bit Windows 11 Operating System512 GB SSD39.62 cm (15.6 Inch) Display1 Year Onsite Warranty
APPLE 2020 Macbook Air M1 - (8 GB/512 GB SSD/Mac OS Big Sur) MGN73HN/A,"₹1,09,990",4.5,"Apple M1 Processor8 GB DDR4 RAMMac OS Operating System512 GB SSD33.78 cm (13.3 inch) DisplayBuilt-in Apps: iMovie, Siri, GarageBand, Pages, Numbers, Photos, Keynote, Safari, Mail, FaceTime, Messages, Maps, Stocks, Home, Voice Memos, Notes, Calendar, Contacts, Reminders, Photo Booth, Preview, Books, App Store, Time Machine, TV, Music, Podcasts, Find My, QuickTime Player1 Year Limited Warra­nty"
HP Pavilion Gaming Core i5 11th Gen - (8 GB/1 TB HDD/256 GB SSD/Windows 10 Home/4 GB Graphics/NVIDIA G...,"₹66,990",4.2,"Intel Core i5 Processor (11th Gen)8 GB DDR4 RAM64 bit Windows 10 Operating System1 TB HDD|256 GB SSD39.62 cm (15.6 inches) DisplayMicrosoft Office Home & Student 2019, HP Documentation, HP e-service, HP BIOS recovery, HP SSRM, HP Smart, HP Jumpstarts1 Year Onsite Warranty"
ASUS Vivobook 15 Core i3 11th Gen - (8 GB/512 GB SSD/Windows 11 Home) X515EA-EJ322WS Thin and Light La...,"₹36,990",4.1,Intel Core i3 Processor (11th Gen)8 GB DDR4 RAM64 bit Windows 11 Operating System512 GB SSD39.62 cm (15.6 Inch) Display1 Year Onsite Warranty
MSI Ryzen 7 Octa Core 5700U - (8 GB/512 GB SSD/Windows 11 Home) Modern 15 A5M-280IN Notebook,"₹52,990",4.8,AMD Ryzen 7 Octa Core Processor8 GB DDR4 RAM64 bit Windows 11 Operating System512 GB SSD39.62 cm (15.6 inch) Display1 Year On-Site Warranty
ASUS VivoBook K15 OLED (2022) Ryzen 5 Hexa Core 5500U - (8 GB/1 TB HDD/256 GB SSD/Windows 11 Home) KM5...,"₹56,990",4.6,AMD Ryzen 5 Hexa Core Processor8 GB DDR4 RAM64 bit Windows 11 Operating System1 TB HDD|256 GB SSD39.62 cm (15.6 inch) DisplayOffice Home and Student 20211 Year Onsite Warranty
Infinix X1 Slim Series Core i5 10th Gen - (8 GB/512 GB SSD/Windows 11 Home) XL21 Thin and Light Laptop,"₹39,990",4,Intel Core i5 Processor (10th Gen)8 GB LPDDR4X RAM64 bit Windows 11 Operating System512 GB SSD35.56 cm (14 Inch) DisplayNA1 Year Onsite Warranty
APPLE 2022 MacBook AIR M2 - (8 GB/512 GB SSD/Mac OS Monterey) MLXX3HN/A,"₹1,49,900",4.3,"Apple M2 Processor8 GB Unified Memory RAMMac OS Operating System512 GB SSD34.54 cm (13.6 Inch) DisplayBuilt-in Apps: iMovie, Siri, GarageBand, Pages, Numbers, Photos, Keynote, Safari, Mail, FaceTime, Messages, Maps, Stocks, Home, Voice Memos, Notes, Calendar, Contacts, Reminders, Photo Booth, Preview, Books, App Store, Time Machine, TV, Music, Podcasts, Find My, QuickTime Player1 Year Limited Warra­nty"
ASUS VivoBook Flip 14 Touch Panel Core i3 10th Gen - (4 GB/512 GB SSD/Windows 10 Home) TP412FA-EC372TS...,"₹47,990",4.3,"Intel Core i3 Processor (10th Gen)4 GB DDR4 RAM64 bit Windows 10 Operating System512 GB SSD35.56 cm (14 inch) Touchscreen DisplayMy Asus, Splendid, Pre-Installed MS Office Home and Student 20191 Year Onsite Warranty"
ASUS VivoBook K15 OLED (2021) Core i5 11th Gen - (16 GB/1 TB HDD/256 GB SSD/Windows 10 Home) K513EA-L5...,"₹64,990",4.5,"Intel Core i5 Processor (11th Gen)16 GB DDR4 RAM64 bit Windows 10 Operating System1 TB HDD|256 GB SSD39.62 cm (15.6 inch) DisplayMicrosoft Office Home and Student 2019, AppDeals, Splendid, Tru2Life, Link to MyASUS1 Year Onsite Warranty"
DELL Vostro Core i3 11th Gen - (8 GB/1 TB HDD/Windows 10) Vostro 3400 Thin and Light Laptop,"₹42,390",5,Intel Core i3 Processor (11th Gen)8 GB DDR4 RAM64 bit Windows 10 Operating System1 TB HDD35.56 cm (14 inches) Display1 Year Onsite Warranty
SAMSUNG Galaxy Book Go Snapdragon 7c Gen 2 - (4 GB/128 GB EMMC Storage/Windows 11 Home) NP340XLA-KA1IN...,"₹32,990",4,Qualcomm Snapdragon 7c Gen 2 Processor4 GB LPDDR4X RAMWindows 11 Operating System35.56 cm (14 Inch) DisplayOffice Home and Student 20211 Year Onsite Warranty
HP Pentium Quad Core - (8 GB/256 GB SSD/Windows 11 Home) 14s-dq3033tu Thin and Light Laptop,"₹31,990",4.2,"Intel Pentium Quad Core Processor8 GB DDR4 RAM64 bit Windows 11 Operating System256 GB SSD35.56 cm (14 inch) DisplayMicrosoft Office Home & Student 2019, HP Documentation1 Year Onsite Warranty"
Lenovo ThinkBook 13s Core i7 11th Gen - (16 GB/1 TB SSD/Windows 10 Home) TB13s ITL Gen 2 Thin and Ligh...,"₹85,990",5,Intel Core i7 Processor (11th Gen)16 GB LPDDR4 RAM64 bit Windows 10 Operating System1 TB SSD33.02 cm (13 inch) DisplayMicrosoft Office Home & Student 20191 Year Onsite Warranty
Lenovo IdeaPad Gaming 3 Ryzen 7 Octa Core 5800H - (8 GB/512 GB SSD/Windows 11 Home/4 GB Graphics/NVIDI...,"₹74,990",5,AMD Ryzen 7 Octa Core Processor8 GB DDR4 RAM64 bit Windows 11 Operating System512 GB SSD39.62 cm (15.6 inch) Display1 Year Onsite Warranty
HP Pavilion Core i5 10th Gen - (8 GB/512 GB SSD/Windows 11 Home/4 GB Graphics) 15-DK1520TX Laptop,"₹61,090",4.4,Intel Core i5 Processor (10th Gen)8 GB DDR4 RAM64 bit Windows 11 Operating System512 GB SSD39.62 cm (15.6 inch) DisplayMicrosoft Office Home & Student 20191 Year Onsite Warranty
ASUS ROG Strix G15 Ryzen 7 Octa Core 4800H - (8 GB/512 GB SSD/Windows 11 Home/4 GB Graphics/NVIDIA GeF...,"₹79,990",5,AMD Ryzen 7 Octa Core Processor8 GB DDR4 RAM64 bit Windows 11 Operating System512 GB SSD39.62 cm (15.6 Inch) Display1 Year Onsite Warranty
HP Pavilion Ryzen 7 Octa Core 5825U - (16 GB/512 GB SSD/Windows 11 Home) 14-EC1008AU Thin and Light La...,"₹70,999",5,AMD Ryzen 7 Octa Core Processor16 GB DDR4 RAM64 bit Windows 11 Operating System512 GB SSD35.56 cm (14 inch) Display1 Year Onsite Warranty
APPLE 2022 MacBook Pro M2 - (8 GB/256 GB SSD/Mac OS Monterey) MNEH3HN/A,"₹1,20,990",4.6,"Apple M2 Processor8 GB Unified Memory RAMMac OS Operating System256 GB SSD33.78 cm (13.3 Inch) DisplayBuilt-in Apps: iMovie, Siri, GarageBand, Pages, Numbers, Photos, Keynote, Safari, Mail, FaceTime, Messages, Maps, Stocks, Home, Voice Memos, Notes, Calendar, Contacts, Reminders, Photo Booth, Preview, Books, App Store, Time Machine, TV, Music, Podcasts, Find My, QuickTime Player1 Year Limited Warranty"
DELL Vostro Core i5 11th Gen - (8 GB/1 TB HDD/256 GB SSD/Windows 10) Vostro 3400 Thin and Light Laptop,"₹56,790",5,Intel Core i5 Processor (11th Gen)8 GB DDR4 RAM64 bit Windows 10 Operating System1 TB HDD|256 GB SSD35.56 cm (14 inch) DisplayMicrosoft Office Home & Student 20191 Year Onsite Warranty
DELL Inspiron Core i3 11th Gen - (8 GB/256 GB SSD/Windows 11 Home) INSPIRON 5410 2 in 1 Laptop,"₹55,190",5,Intel Core i3 Processor (11th Gen)8 GB DDR4 RAM64 bit Windows 11 Operating System256 GB SSD35.56 cm (14 inch) Touchscreen DisplayOffice Home and Student 20211 Year Onsite Warranty
DELL Inspiron Core i5 11th Gen - (8 GB/256 GB SSD/Windows 11 Home) INSPIRON 3511 Thin and Light Laptop,"₹56,790",4.4,Intel Core i5 Processor (11th Gen)8 GB DDR4 RAM64 bit Windows 11 Operating System256 GB SSD39.62 cm (15.6 Inch) Display1 Year Onsite Warranty
HP Pavilion x360 Convertible Core i3 11th Gen - (8 GB/512 GB SSD/Windows 11 Home) 14-dy0207TU Thin and...,"₹54,290",5,"Intel Core i3 Processor (11th Gen)8 GB DDR4 RAM64 bit Windows 11 Operating System512 GB SSD35.56 cm (14 inch) Touchscreen Display""Microsoft Office Home & Student 2019, HP Documentation, HP SSRM, HP Smart ""1 Year Onsite Warranty"
DELL Vostro Ryzen 3 Dual Core R3-3250U - (8 GB/1 TB HDD/Windows 11 Home) Vostro 3405 Thin and Light La...,"₹37,090",4,AMD Ryzen 3 Dual Core Processor8 GB DDR4 RAM64 bit Windows 11 Operating System1 TB HDD88.9 cm (35 cm) DisplayMicrosoft Office Home and Student 20211 Year Onsite Warranty1 Year Onsite Warranty
acer Aspire 3 Ryzen 3 Dual Core R33250U - (4 GB/512 GB SSD/Windows 11 Home) A315-23 Notebook,"₹34,990",3.9,AMD Ryzen 3 Dual Core Processor4 GB DDR4 RAM64 bit Windows 11 Operating System512 GB SSD39.62 cm (15.6 Inch) Display1 Year International Travelers Warranty
acer Aspire 5 Core i5 11th Gen - (8 GB/1 TB HDD/256 GB SSD/Windows 10 Home) A515-56 Thin and Light Lap...,"₹60,090",2.9,"Intel Core i5 Processor (11th Gen)8 GB DDR4 RAM64 bit Windows 10 Operating System1 TB HDD|256 GB SSD39.62 cm (15.6 inch) DisplayAcer Care Center, Quick Access, Acer Product Registration, MS Office 2021 Home & Student1 Year International Travelers Warranty (ITW)"
HP Pavilion Core i5 11th Gen - (8 GB/512 GB SSD/Windows 11 Home) 14-dv1000TU Thin and Light Laptop,"₹57,490",3.2,"Intel Core i5 Processor (11th Gen)8 GB DDR4 RAM64 bit Windows 11 Operating System512 GB SSD35.56 cm (14 inch) DisplayMicrosoft Office Home & Student 2019, HP Documentation, HP BIOS recovery, HP Smart1 Year onsite Warranty"
ASUS ROG Flow X13 (2021) Ryzen 9 Octa Core 5900HS - (16 GB/1 TB SSD/Windows 10 Home/4 GB Graphics/NVID...,"₹99,990",2.8,AMD Ryzen 9 Octa Core Processor16 GB LPDDR4X RAM64 bit Windows 10 Operating System1 TB SSD34.04 cm (13.4 Inch) Touchscreen DisplayMicrosoft Office Home and Student 20191 Year Onsite Warranty
APPLE 2020 Macbook Pro M1 - (8 GB/512 GB SSD/Mac OS Big Sur) MYD92HN/A,"₹1,32,990",2.9,"Apple M1 Processor8 GB DDR4 RAMMac OS Operating System512 GB SSD33.78 cm (13.3 inch) DisplayBuilt-in Apps: iMovie, Siri, GarageBand, Pages, Numbers, Photos, Keynote, Safari, Mail, FaceTime, Messages, Maps, Stocks, Home, Voice Memos, Notes, Calendar, Contacts, Reminders, Photo Booth, Preview, Books, App Store, Time Machine, TV, Music, Podcasts, Find My, QuickTime Player1 Year Limited Warra­nty"
DELL Vostro Ryzen 3 Dual Core R3-3250U - (8 GB/1 TB HDD/Windows 11 Home) Vostro 3405 Thin and Light La...,"₹37,090",3.4,AMD Ryzen 3 Dual Core Processor8 GB DDR4 RAM64 bit Windows 11 Operating System1 TB HDD88.9 cm (35 cm) DisplayMicrosoft Office Home and Student 20211 Year Onsite Warranty1 Year Onsite Warranty
ASUS ROG Flow X13 Ryzen 9 Octa Core 5900HS - (32 GB/1 TB SSD/Windows 10 Home/4 GB Graphics/NVIDIA GeFo...,"₹1,19,990",3.2,AMD Ryzen 9 Octa Core Processor32 GB DDR4 RAMWindows 10 Operating System1 TB SSD34.04 cm (13.4 inch) Touchscreen DisplayOffice Home and Student 20191 Year Onsite Warranty
acer Aspire 3 Ryzen 3 Dual Core R33250U - (4 GB/512 GB SSD/Windows 11 Home) A315-23 Notebook,"₹34,990",4.1,AMD Ryzen 3 Dual Core Processor4 GB DDR4 RAM64 bit Windows 11 Operating System512 GB SSD39.62 cm (15.6 Inch) Display1 Year International Travelers Warranty
acer Aspire 7 Core i5 12th Gen - (8 GB/512 GB SSD/Windows 11 Home/4 GB Graphics/NVIDIA GeForce GTX 165...,"₹54,990",2.8,Intel Core i5 Processor (12th Gen)8 GB DDR4 RAM64 bit Windows 11 Operating System512 GB SSD39.62 cm (15.6 inch) Display1 Year International Travelers Warranty (ITW)
APPLE 2022 MacBook AIR M2 - (8 GB/256 GB SSD/Mac OS Monterey) MLXW3HN/A,"₹1,19,900",3.1,"Apple M2 Processor8 GB Unified Memory RAMMac OS Operating System256 GB SSD34.54 cm (13.6 Inch) DisplayBuilt-in Apps: iMovie, Siri, GarageBand, Pages, Numbers, Photos, Keynote, Safari, Mail, FaceTime, Messages, Maps, Stocks, Home, Voice Memos, Notes, Calendar, Contacts, Reminders, Photo Booth, Preview, Books, App Store, Time Machine, TV, Music, Podcasts, Find My, QuickTime Player1 Year Limited Warra­nty"
APPLE 2022 MacBook Pro M2 - (8 GB/256 GB SSD/Mac OS Monterey) MNEP3HN/A,"₹1,24,990",3.5,"Apple M2 Processor8 GB Unified Memory RAMMac OS Operating System256 GB SSD33.78 cm (13.3 Inch) DisplayBuilt-in Apps: iMovie, Siri, GarageBand, Pages, Numbers, Photos, Keynote, Safari, Mail, FaceTime, Messages, Maps, Stocks, Home, Voice Memos, Notes, Calendar, Contacts, Reminders, Photo Booth, Preview, Books, App Store, Time Machine, TV, Music, Podcasts, Find My, QuickTime Player1 Year Limited Warranty"
ASUS ROG Strix G15 Ryzen 7 Octa Core 4800H - (8 GB/512 GB SSD/Windows 11 Home/4 GB Graphics/NVIDIA GeF...,"₹79,990",3.9,AMD Ryzen 7 Octa Core Processor8 GB DDR4 RAM64 bit Windows 11 Operating System512 GB SSD39.62 cm (15.6 Inch) Display1 Year Onsite Warranty
Lenovo IdeaPad Gaming 3 Ryzen 5 Hexa Core 5600H - (8 GB/512 GB SSD/Windows 11 Home/4 GB Graphics/NVIDI...,"₹69,990",3,AMD Ryzen 5 Hexa Core Processor8 GB DDR4 RAM64 bit Windows 11 Operating System512 GB SSD39.62 cm (15.6 inch) DisplayOffice Home and Student 20211 Year Warranty + 1 Year Premium Care + 1 Year ADP
ASUS Core i5 11th Gen - (16 GB/512 GB SSD/Windows 11 Home) K413EA-EB522WS Thin and Light Laptop,"₹53,990",2.3,Intel Core i5 Processor (11th Gen)16 GB DDR4 RAM64 bit Windows 11 Operating System512 GB SSD35.56 cm (14 inch) Display1 Year Onsite Warranty
DELL Vostro Core i5 11th Gen - (8 GB/1 TB HDD/256 GB SSD/Windows 10) Vostro 3400 Thin and Light Laptop,"₹56,790",2.8,Intel Core i5 Processor (11th Gen)8 GB DDR4 RAM64 bit Windows 10 Operating System1 TB HDD|256 GB SSD35.56 cm (14 inch) DisplayMicrosoft Office Home & Student 20191 Year Onsite Warranty
ASUS TUF Gaming F15 Core i5 10th Gen - (8 GB/512 GB SSD/Windows 10 Home/4 GB Graphics/NVIDIA GeForce G...,"₹57,990",4.3,Intel Core i5 Processor (10th Gen)8 GB DDR4 RAM64 bit Windows 10 Operating System512 GB SSD39.62 cm (15.6 Inch) DisplayNA1 Year Onsite Warranty
APPLE MacBook Pro M1 - (8 GB/1 TB SSD/Mac OS Big Sur) Z11B0008S,"₹1,49,990",4.2,"Apple M1 Processor8 GB DDR4 RAMMac OS Operating System1 TB SSD33.78 cm (13.3 inch) DisplayiMovie, Siri, GarageBand, Pages, Numbers, Photos, Keynote, Safari, Mail, FaceTime, Messages, Maps, Stocks, Home, Voice Memos, Notes, Calendar, Contacts, Reminders, Photo Booth, Preview, Books, App Store, Time Machine, TV, Music, Podcasts, Find My, QuickTime Player1 Year Limited Warra­nty"
ASUS TUF Gaming F15 (2022) Core i7 12th Gen - (16 GB/512 GB SSD/Windows 11 Home/4 GB Graphics/NVIDIA G...,"₹1,07,990",4.3,Intel Core i7 Processor (12th Gen)16 GB DDR5 RAM64 bit Windows 11 Operating System512 GB SSD39.62 cm (15.6 inch) Display1 Year Onsite Warranty
ASUS Vivobook 15 Touch Core i5 11th Gen - (8 GB/512 GB SSD/Windows 11 Home) X515EA-EZ501WS Thin and Li...,"₹50,990",4.4,Intel Core i5 Processor (11th Gen)8 GB DDR4 RAMWindows 11 Operating System512 GB SSD39.62 cm (15.6 inch) Touchscreen DisplayMicrosoft Office Home & Student 20211 Year Onsite Warranty
MSI Delta 15 AMD Advantage Edition Ryzen 9 Octa Core 5900HX 5th Gen - (16 GB/1 TB SSD/Windows 11 Home/...,"₹1,24,990",4.3,AMD Ryzen 9 Octa Core Processor (5th Gen)16 GB DDR4 RAM64 bit Windows 11 Operating System1 TB SSD39.62 cm (15.6 inch) Display1 Year On-Site Warranty
ASUS Zenbook 14 ScreenPad Touch Panel Core i5 11th Gen - (8 GB/512 GB SSD/Windows 10 Home/2 GB Graphic...,"₹80,990",4.3,"Intel Core i5 Processor (11th Gen)8 GB LPDDR4X RAM64 bit Windows 10 Operating System512 GB SSD35.56 cm (14 inch) Touchscreen DisplayMicrosoft Office Home and Student 2019, Splendid, Tru2Life, My Asus, ScreenXpert1 Year Onsite Warranty"
ASUS Vivobook Flip Core i5 12th Gen - (16 GB/512 GB SSD/Windows 11 Home) TP3402ZA-LZ511WS 2 in 1 Lapto...,"₹79,990",4.2,Intel Core i5 Processor (12th Gen)16 GB DDR4 RAM64 bit Windows 11 Operating System512 GB SSD35.56 cm (14 inch) Touchscreen Display1 Year Onsite Warranty
DELL Vostro Core i3 10th Gen - (8 GB/512 GB SSD/Windows 10) Vostro 3401 Thin and Light Laptop,"₹43,090",4.4,Intel Core i3 Processor (10th Gen)8 GB DDR4 RAM64 bit Windows 10 Operating System512 GB SSD35.56 cm (14 Inch) DisplayMicrosoft Office Home and Student 20191 Year Onsite Warranty
acer Swift 3 Ryzen 5 Hexa Core 5500U - (8 GB/512 GB SSD/Windows 10 Home) SF314-43 Thin and Light Lapto...,"₹59,990",4.4,"AMD Ryzen 5 Hexa Core Processor8 GB LPDDR4X RAM64 bit Windows 10 Operating System512 GB SSD35.56 cm (14 inch) DisplayAcer Care Center, Quick Access, Acer Product Registration1 Year International Travelers Warranty (ITW)"
ASUS Vivobook Ultra K14 Core i3 11th Gen - (8 GB/512 GB SSD/Windows 11 Home) K14 Thin and Light Laptop,"₹42,990",4,"Intel Core i3 Processor (11th Gen)8 GB DDR4 RAM64 bit Windows 11 Operating System512 GB SSD35.81 cm (14.1 inch) DisplayWindows 11, Microsoft Office Home & Student 2019, 1 Year McAfee Antivirues1 Year Onsite Warranty"
HP Celeron Dual Core - (8 GB/256 GB SSD/Windows 11 Home) 14s- dq3032tu Thin and Light Laptop,"₹30,990",5,Intel Celeron Dual Core Processor8 GB DDR4 RAM64 bit Windows 11 Operating System256 GB SSD35.56 cm (14 Inch) Display1 Year onsite warranty
ASUS Zenbook Flip 13 OLED Touch Panel Intel EVO Core i5 11th Gen - (8 GB/512 GB SSD/Windows 11 Home) U...,"₹80,990",4.2,Intel Core i5 Processor (11th Gen)8 GB LPDDR4X RAM64 bit Windows 11 Operating System512 GB SSD33.78 cm (13.3 Inch) Display1 Year onsite warranty
Lenovo Ideapad Slim 5i Core i5 11th Gen - (8 GB/512 GB SSD/Windows 10 Home) 14ITL05U2a Thin and Light ...,"₹54,990",5,Intel Core i5 Processor (11th Gen)8 GB DDR4 RAM64 bit Windows 10 Operating System512 GB SSD35.56 cm (14 inch) DisplayMicrosoft Office Home and Student 20191 Year Warranty + 1 Year Premium Care + 1 Year ADP
HP 15s Core i3 10th Gen - (8 GB/1 TB HDD/Windows 10 Home) 15s-DU1066TU Thin and Light Laptop,"₹40,500",5,"Intel Core i3 Processor (10th Gen)8 GB DDR4 RAM64 bit Windows 10 Operating System1 TB HDD39.62 cm (15.6 Inch) DisplayMicrosoft Office Home and Student 2019, McAfee LiveSafe (30 Day Free Trial), HP Documentation, HP BIOS Recovery, HP Smart1 Year Onsite Warranty"
acer Ryzen 5 Hexa Core 5650U - (16 GB/512 GB SSD/Windows 11 Home) TMP214-41-G2 Notebook,"₹47,990",3.1,AMD Ryzen 5 Hexa Core Processor16 GB DDR4 RAM64 bit Windows 11 Operating System512 GB SSD35.56 cm (14 Inch) Display1 Year Onsite Warranty
acer Aspire Vero(Green PC ) Core i5 11th Gen - (8 GB/512 GB SSD/Windows 11 Home) AV15-51 Thin and Ligh...,"₹60,990",4,"Intel Core i5 Processor (11th Gen)8 GB DDR4 RAM64 bit Windows 11 Operating System512 GB SSD39.62 cm (15.6 inch) DisplayAcer Care Center, Acer Product Registration1 Year International Travelers Warranty (ITW)"
ASUS ZenBook Duo 14 (2021) Touch Panel Intel EVO Core i7 11th Gen - (16 GB/1 TB SSD/Windows 10 Home) U...,"₹1,15,990",5,"Intel Core i7 Processor (11th Gen)16 GB LPDDR4X RAM64 bit Windows 10 Operating System1 TB SSD35.56 cm (14 inch) Touchscreen DisplayMyASUS, ScreenXpert, Office Home and Student 2019 with lifetime validity, McAfee Anti-virus for 1 Year, Link to MyASUS (All Models, Bluetooth Needed)1 Year Onsite Warranty"
Lenovo IdeaPad 1 Celeron Dual Core - (4 GB/256 GB SSD/Windows 11 Home) 11IGL05 Thin and Light Laptop,"₹25,490",3.2,Intel Celeron Dual Core Processor4 GB DDR4 RAM64 bit Windows 11 Operating System256 GB SSD29.46 cm (11.6 Inch) DisplayOffice Home and Student 20211 Year Onsite�Warranty
ASUS VivoBook K15 OLED (2022) Ryzen 5 Hexa Core 5500U - (8 GB/1 TB HDD/256 GB SSD/Windows 11 Home) KM5...,"₹56,990",1,AMD Ryzen 5 Hexa Core Processor8 GB DDR4 RAM64 bit Windows 11 Operating System1 TB HDD|256 GB SSD39.62 cm (15.6 inch) DisplayOffice Home and Student 20211 Year Onsite Warranty
HP Pavilion x360 Convertible Core i5 11th Gen - (16 GB/512 GB SSD/Windows 11 Home) 14-dy1048TU Thin an...,"₹72,100",1,"Intel Core i5 Processor (11th Gen)16 GB DDR4 RAM64 bit Windows 11 Operating System512 GB SSD35.56 cm (14 inch) Touchscreen Display""Microsoft Office Home & Student 2019, HP Documentation, HP SSRM, HP Smart ""1 Year Onsite Warranty"
DELL Vostro Core i3 11th Gen - (8 GB/256 GB SSD/Windows 10 Home) Vostro 3400 Thin and Light Laptop,"₹42,890",4.2,Intel Core i3 Processor (11th Gen)8 GB DDR4 RAM64 bit Windows 10 Operating System256 GB SSD35.56 cm (14 Inch) Display1 Year Onsite warranty
acer Travelmate Core i5 11th Gen - (16 GB/1 TB HDD/256 GB SSD/Windows 10 Home) TravelMate P214-53 Thin...,"₹62,490",5,Intel Core i5 Processor (11th Gen)16 GB DDR4 RAM64 bit Windows 10 Operating System1 TB HDD|256 GB SSD35.56 cm (14 inch) Display1 Year International Travelers Warranty (ITW)
DELL Inspiron Core i3 10th Gen - (4 GB/256 GB SSD/Windows 10 Home) Inspiron 3501 Laptop,"₹39,890",4,Intel Core i3 Processor (10th Gen)4 GB DDR4 RAM64 bit Windows 10 Operating System256 GB SSD38.1 cm (15 inch) DisplayMicrosoft Office Home and Student 20191 Year Onsite Warranty
Lenovo ThinkPad E15 Core i3 11th Gen - (4 GB/256 GB SSD/Windows 10 Home) E15 Laptop,"₹45,000",4.6,Intel Core i3 Processor (11th Gen)4 GB DDR4 RAM64 bit Windows 10 Operating System256 GB SSD39.62 cm (15.6 inch) DisplayMicrosoft Office Home & Student 20191 Year Onsite Warranty
ASUS TUF Gaming F15 Core i5 10th Gen - (8 GB/1 TB SSD/Windows 11 Home/4 GB Graphics/NVIDIA GeForce GTX...,"₹60,990",3.7,Intel Core i5 Processor (10th Gen)8 GB DDR4 RAM64 bit Windows 11 Operating System1 TB SSD39.62 cm (15.6 inch) Display1 Year On site Manufacturing warranty
HP Pavilion Core i5 11th Gen - (8 GB/512 GB SSD/Windows 10 Home) 15-eg0547TU Thin and Light Laptop,"₹63,990",4.5,"Intel Core i5 Processor (11th Gen)8 GB DDR4 RAM64 bit Windows 10 Operating System512 GB SSD39.62 cm (15.6 inch) DisplayMicrosoft Office Home and Student 2019, HP Documentation, HP Support Assistant, Dropbox, Alexa1 Year Onsite Warranty"
Infinix INBook X1 Core i5 10th Gen - (8 GB/512 GB SSD/Windows 11 Home) XL11 Thin and Light Laptop,"₹39,990",5,Intel Core i5 Processor (10th Gen)8 GB LPDDR4X RAM64 bit Windows 11 Operating System512 GB SSD35.56 cm (14 inch) Display1 year Onsite Warranty
ASUS VivoBook 15 (2021) Core i3 11th Gen - (8 GB/1 TB HDD/Windows 11 Home) X515EA-BR391W Thin and Ligh...,"₹30,990",4.4,Intel Core i3 Processor (11th Gen)8 GB DDR4 RAM64 bit Windows 11 Operating System1 TB HDD39.62 cm (15.6 inch) Display1 Year Onsite Warranty
DELL Inspiron Core i5 11th Gen - (8 GB/512 GB SSD/Windows 11 Home) Inspiron 5410 2 in 1 Laptop,"₹72,490",4.6,Intel Core i5 Processor (11th Gen)8 GB DDR4 RAM64 bit Windows 11 Operating System512 GB SSD35.56 cm (14 Inch) Touchscreen Display1 Year Onsite Warranty
MSI Crosshair 15 Core i7 12th Gen - (16 GB/1 TB SSD/Windows 11 Home/6 GB Graphics/NVIDIA GeForce RTX 3...,"₹1,21,990",4.3,Intel Core i7 Processor (12th Gen)16 GB DDR4 RAM64 bit Windows 11 Operating System1 TB SSD39.62 cm (15.6 Inch) Display2 Year Carry-In Warranty Term
Lenovo IdeaPad Core i3 10th Gen - (4 GB/256 GB SSD/Windows 11 Home) IdeaPad 3 14IIL05 Thin and Light L...,"₹35,990",4.3,Intel Core i3 Processor (10th Gen)4 GB DDR4 RAM64 bit Windows 11 Operating System256 GB SSD35.56 cm (14 Inch) Display2 Year Onsite�Warranty
HP Core i3 11th Gen - (8 GB/256 GB SSD/Windows 11 Home) 14s- dy2506TU Thin and Light Laptop,"₹41,290",4.3,Intel Core i3 Processor (11th Gen)8 GB DDR4 RAM64 bit Windows 11 Operating System256 GB SSD35.56 cm (14 inch) DisplayMicrosoft Office Home & Student 20191 Year Onsite Warranty
Infinix INBook X1 Core i3 10th Gen - (8 GB/256 GB SSD/Windows 11 Home) XL11 Thin and Light Laptop,"₹29,990",3.6,Intel Core i3 Processor (10th Gen)8 GB LPDDR4X RAM64 bit Windows 11 Operating System256 GB SSD35.56 cm (14 inch) Display1 year Onsite Warranty
ASUS Vivobook 14 Core i3 11th Gen - (8 GB/256 GB SSD/Windows 10 Home) X415EA-EB342WS Notebook,"₹35,990",4.1,"Intel Core i3 Processor (11th Gen)8 GB DDR4 RAM64 bit Windows 11 Operating System256 GB SSD35.56 cm (14 inch) DisplayWindows 11 Home, Microsoft Office Home & Student 2019, 1 Year Mcafee1 Year Onsite Warranty"
Lenovo ThinkBook 13s Core i7 11th Gen - (16 GB/1 TB SSD/Windows 10 Home) TB13s ITL Gen 2 Thin and Ligh...,"₹85,990",4.7,Intel Core i7 Processor (11th Gen)16 GB LPDDR4 RAM64 bit Windows 10 Operating System1 TB SSD33.02 cm (13 inch) DisplayMicrosoft Office Home & Student 20191 Year Onsite Warranty
Lenovo IdeaPad Gaming 3 Core i5 10th Gen - (8 GB/1 TB HDD/256 GB SSD/Windows 10 Home/4 GB Graphics/NVI...,"₹55,990",4.1,Intel Core i5 Processor (10th Gen)8 GB DDR4 RAM64 bit Windows 10 Operating System1 TB HDD|256 GB SSD39.62 cm (15.6 inch) Display1 Year Warranty + 1 Year Premium Care + 1 Year ADP
DELL Inspiron Ryzen 5 Hexa Core R5-5500U - (8 GB/512 GB SSD/Windows 11 Home) Inspiron 7415 2 in 1 Lapt...,"₹71,090",4,AMD Ryzen 5 Hexa Core Processor8 GB DDR4 RAM64 bit Windows 11 Operating System512 GB SSD35.56 cm (14 inch) Touchscreen DisplayMicrosoft Office Home and Student 20211 Year Onsite Warranty
ASUS VivoBook Flip 14 Core i3 11th Gen - (8 GB/256 GB SSD/Windows 11 Home) TP470EA-EC302WS 2 in 1 Lapt...,"₹46,990",4.3,Intel Core i3 Processor (11th Gen)8 GB LPDDR4X RAM64 bit Windows 11 Operating System256 GB SSD35.56 cm (14 Inch) Touchscreen Display1 Year onsite warranty
Lenovo IdeaPad Gaming 3 Ryzen 7 Octa Core 5800H - (16 GB/512 GB SSD/Windows 11 Home/4 GB Graphics/NVID...,"₹78,990",4.3,AMD Ryzen 7 Octa Core Processor16 GB DDR4 RAM64 bit Windows 11 Operating System512 GB SSD39.62 cm (15.6 Inch) DisplayOffice Home and Student 20211 Year Warranty + 1 Year Premium Care + 1 Year ADP
ASUS ROG Strix Scar 15 (2022) Core i9 12th Gen - (32 GB/1 TB SSD/Windows 11 Home/8 GB Graphics/NVIDIA ...,"₹2,25,990",4.8,Intel Core i9 Processor (12th Gen)32 GB DDR5 RAM64 bit Windows 11 Operating System1 TB SSD39.62 cm (15.6 inch) Display1 Year Onsite Warranty
Lenovo Legion 5 Ryzen 7 Octa Core 5800H - (16 GB/2 TB SSD/Windows 10 Home/6 GB Graphics/NVIDIA GeForce...,"₹1,37,990",4.4,AMD Ryzen 7 Octa Core Processor16 GB DDR4 RAM64 bit Windows 10 Operating System2 TB SSD39.62 cm (15.6 inch) DisplayMicrosoft Office Home and Student 20191 Year Warranty + 1 Year Legion Ultimate Support + 1 Year ADP
DELL Inspiron Ryzen 3 Dual Core 3250U - (8 GB/1 TB HDD/Windows 10) Inspiron 3505 Notebook,"₹39,090",4.3,AMD Ryzen 3 Dual Core Processor8 GB DDR4 RAM64 bit Windows 10 Operating System1 TB HDD39.62 cm (15.6 inch) DisplayMicrosoft Office Home and Student 20191 Year Onsite Warranty
ASUS Vivobook 15 Core i5 12th Gen - (8 GB/512 GB SSD/Windows 11 Home) X1502ZA-BQ501WS Laptop,"₹58,990",4.3,"Intel Core i5 Processor (12th Gen)8 GB DDR4 RAM64 bit Windows 11 Operating System512 GB SSD39.62 cm (15.6 inch) DisplayWindows 11 Home, Microsoft Office Home & Student 2021, 1 Year Mcafee1 Year On site Manufacturing warranty"
ASUS Pentium Quad Core - (4 GB/1 TB HDD/Windows 10 Home) X543MA-DM101T Laptop,"₹27,990",4.1,Intel Pentium Quad Core Processor4 GB LPDDR4 RAM64 bit Windows 10 Operating System1 TB HDD39.62 cm (15.6 inch) Display1 Year Onsite Warranty
HP HP Pavilion Ryzen 5 Hexa Core 4600H - (8 GB/512 GB SSD/Windows 10 Home/4 GB Graphics/NVIDIA GeForce...,"₹57,990",4,"AMD Ryzen 5 Hexa Core Processor8 GB DDR4 RAM64 bit Windows 10 Operating System512 GB SSD39.62 cm (15.6 inch) DisplayHP Documentation, HP e-service, HP BIOS Recovery, HP SSRM, HP Smart, HP Jumpstarts1 Year Onsite Warranty"
ASUS Zenbook 13 Intel EVO Core i7 11th Gen - (16 GB/1 TB SSD/Windows 11 Home) UX325EA-KG701WS Thin and...,"₹85,990",1,Intel Core i7 Processor (11th Gen)16 GB LPDDR4X RAM64 bit Windows 11 Operating System1 TB SSD33.78 cm (13.3 Inch) Display1 Year Onsite Warranty
ASUS TUF Gaming A17 Ryzen 7 Octa Core 4800H - (16 GB/512 GB SSD/Windows 10 Home/4 GB Graphics/NVIDIA G...,"₹79,990",3.6,AMD Ryzen 7 Octa Core Processor16 GB DDR4 RAMWindows 10 Operating System512 GB SSD43.94 cm (17.3 inch) Display1 Year Onsite Warranty
ASUS Vivobook S14 OLED (2022) Intel EVO Core i7 12th Gen - (16 GB/512 GB SSD/Windows 11 Home) S3402ZA-...,"₹95,990",4,Intel Core i7 Processor (12th Gen)16 GB DDR4 RAMWindows 11 Operating System512 GB SSD35.56 cm (14 inch) DisplayOffice Home and Student 20211 Year Onsite Warranty
DELL Inspiron Core i3 10th Gen - (8 GB/256 GB SSD/Windows 11 Home) Inspiron 3511 Thin and Light Laptop,"₹44,190",1,Intel Core i3 Processor (10th Gen)8 GB DDR4 RAM64 bit Windows 11 Operating System256 GB SSD38.0 cm (14.96 cm) DisplayOffice Home and Student 20211 Year Onsite Warranty
ASUS VivoBook Flip 14 Core i5 11th Gen - (8 GB/512 GB SSD/Windows 11 Home) TP470EA-EC511WS 2 in 1 Lapt...,"₹64,990",4.3,Intel Core i5 Processor (11th Gen)8 GB LPDDR4X RAMWindows 11 Operating System512 GB SSD35.56 cm (14 inch) Touchscreen DisplayMicrosoft Office Home and Student 20211 Year Onsite Warranty
ASUS TUF Gaming F17 Core i5 11th Gen - (8 GB/512 GB SSD/Windows 10 Home/4 GB Graphics/NVIDIA GeForce R...,"₹71,990",4,Intel Core i5 Processor (11th Gen)8 GB DDR4 RAM64 bit Windows 10 Operating System512 GB SSD43.94 cm (17.3 inch) Display1 Year Onsite Warranty
HP Pavilion Core i5 12th Gen - (8 GB/512 GB SSD/Windows 11 Home) 14-dv2053TU Thin and Light Laptop,"₹62,990",4,"Intel Core i5 Processor (12th Gen)8 GB DDR4 RAM64 bit Windows 11 Operating System512 GB SSD35.56 cm (14 Inch) DisplayHP Documentation, HP BIOS recovery, HP Smart, Microsoft Office Home & Student 20211 Year Onsite Warranty"
HP OMEN Ryzen 7 Octa Core 5800H - (16 GB/512 GB SSD/Windows 11 Home/4 GB Graphics/NVIDIA GeForce RTX 3...,"₹1,14,990",5,AMD Ryzen 7 Octa Core Processor16 GB DDR4 RAM64 bit Windows 11 Operating System512 GB SSD40.89 cm (16.1 Inch) Display1 Year Onsite Warranty
MSI Core i7 10th Gen - (8 GB/512 GB SSD/Windows 10 Home) Modern 14 B10MW-659IN Thin and Light Laptop,"₹54,990",5,Intel Core i7 Processor (10th Gen)8 GB DDR4 RAM64 bit Windows 10 Operating System512 GB SSD35.56 cm (14 inch) Display1 Years Carry in Warranty
ASUS VivoBook 15 Ryzen 3 Dual Core - (4 GB/256 GB SSD/Windows 10 Home) M515DA-BQ312TS Thin and Light L...,"₹32,990",5,"AMD Ryzen 3 Dual Core Processor4 GB DDR4 RAM64 bit Windows 10 Operating System256 GB SSD39.62 cm (15.6 inch) DisplayMicrosoft Office Home and Student 2019, Splendid (All models), Tru2Life (Intel Platform Models), Link to MyASUS (All Models, Bluetooth Needed)1 Year Onsite Warranty"
HP 15s Ryzen 5 Hexa Core 4500U - (8 GB/256 GB SSD/Windows 10 Home) 15s-ey1004AU Thin and Light Laptop,"₹45,990",4.3,"AMD Ryzen 5 Hexa Core Processor8 GB DDR4 RAM64 bit Windows 10 Operating System256 GB SSD39.62 cm (15.6 inch) DisplayMicrosoft Office 2019 and Office 365, HP Smart, HP Documentation, HP Bios Recovery1 Year Onsite Warranty"
HP Core i3 11th Gen - (8 GB/512 GB SSD/Windows 11 Home) 15s-fq2627TU Thin and Light Laptop,"₹40,490",5,Intel Core i3 Processor (11th Gen)8 GB DDR4 RAM64 bit Windows 11 Operating System512 GB SSD39.62 cm (15.6 Inch) Display1 Year Onsite Warranty
ASUS VivoBook 14 (2022) Core i3 12th Gen - (8 GB/512 GB SSD/Windows 11 Home) X1402ZA-EB312WS Thin and ...,"₹46,990",4,Intel Core i3 Processor (12th Gen)8 GB DDR4 RAMWindows 11 Operating System512 GB SSD35.56 cm (14 inch) DisplayOffice Home and Student 20211 Year Onsite Warranty
